,access_date,type,country,cost,code,notes,note,pre,post_accept,post_decline,pass
vienna.at,2023-03-15,Newspaper,Austria,"{'currency': 'EUR', 'amount': 1.2, 'basis': 'weekly'}",,,,,CPrmMbAPrmMbAAcABBENDDCsAP_AAH_AAAYgJatf_X__b2_r-_5_f_t0eY1P9_7__-0zjhfdl-8N3f_X_L8X52M7vF36tq4KuR4ku3LBIUdlHPHcTVmw6okVryPsbk2cr7NKJ7PEmnMbO2dYGH9_n1_z-ZKY7___f__z_v-v________7-3f3__5___-__e_V__9zfn9_____9vP___9v-_9__________3_79_7_H9-f_9gloASYatxAF2ZY4M20YRQIgRhWEhVAoAKKAYWiAwgdXBTsrgJ9YRIAUAoAnAiBDgCjJgEAAAkASEQASBHggEABEAgABAAqEQgAY2AQWAFgIBAAKAaFijFAEIEhBkRERCmBAVIkFBPZUIJQf6GmEIdZYAUGj_ioQEayAisCISFg5DgiQEvFkgeYo3yAEYAUAolQrUUnpoCFjMAAAAA.f_gAD_gAAAAA,,1
vol.at,2023-03-15,Newspaper,Austria,"{'currency': 'EUR', 'amount': 1.2, 'basis': 'weekly'}",,,,,CPrmMbAPrmMbAAcABBENDDCsAP_AAH_AAAYgJatf_X__b2_r-_5_f_t0eY1P9_7__-0zjhfdl-8N3f_X_L8X52M7vF36tq4KuR4ku3LBIUdlHPHcTVmw6okVryPsbk2cr7NKJ7PEmnMbO2dYGH9_n1_z-ZKY7___f__z_v-v________7-3f3__5___-__e_V__9zfn9_____9vP___9v-_9__________3_79_7_H9-f_9gloASYatxAF2ZY4M20YRQIgRhWEhVAoAKKAYWiAwgdXBTsrgJ9YRIAUAoAnAiBDgCjJgEAAAkASEQASBHggEABEAgABAAqEQgAY2AQWAFgIBAAKAaFijFAEIEhBkRERCmBAVIkFBPZUIJQf6GmEIdZYAUGj_ioQEayAisCISFg5DgiQEvFkgeYo3yAEYAUAolQrUUnpoCFjMAAAAA.f_gAD_gAAAAA,,1
kurier.at,2023-03-15,Newspaper,Austria,"{'currency': 'EUR', 'amount': 3.6, 'basis': 'monthly'}",,,,,,,1
krone.at,2023-03-15,Newspaper,Austria,"{'currency': 'EUR', 'amount': 11.9, 'basis': 'monthly'}",,,,,,,1
derstandard.at,2023-03-15,Newspaper,Austria,"{'currency': 'EUR', 'amount': 8.0, 'basis': 'monthly'}",,,,CPrmeAAPrmeAAAGABCENDDCgAAAAAE_AACQgAAAOCgIgAXAByAD8AhABJwC2gF1AMCAa8A6oB2wD7AI9ATEAtQBpQDggCAgAEAH4aACAdURABAOqOAAgA_HQAQD7EQAICYikAEA-xUACAScA.YAAAAAAAAAAA,CPrmeAAPrmeAAAGABCENDDCsAP_AAE_AACQgHVFR5D4UDWFDSXZ5SMsQCIUXR0ADBCQDCACBAyAFAACAcAQQ0EAYIASAgAAAgAIAoBIBAABADAEAAAAgIIgBABEAAgAAAAAIICBAAAEBCQAAEAgIAAEAAAAIAABAAEAAgACQAArEAEBAAAEABoAIAAgAAIAFAgMDgoCIAFwAcgA_AIQAScAtoBdQDAgGvAOqAdsA-wCPQExALUAaUA4IBMJAhAAWABUADIAHgAQAAyABoADyAIgAigBMACeAG8AOYAegA_ACEgEQARIAmgBSgC3AGHAPwA_QCKAEcAJMAXMAxQCRAFDgLkAXmAwaBrAGshAAIAPw0AcALgA_ACTAFpAOqAkQBcgYACAMoRAFAH4ASYA6oCRAFyCAAIAyhUAYAJgAXACOAFpAXIAvMUABAGUMgCgBMAI4AVsBcgC8xgAEAZQ6BWAAsACoAGQAQAAyABoADyAIgAigBMACeAFwAMQAZgA3gBzAD0AH6ARABEgCaAFKALEAW4AwwBlADRgH4AfoBFACLAEcAJMAWkAuYBigD7AIvASIAocBcgC8wGDAMsAawA4scABAB-QgIgALAAyAEwALgAYgAzABvAD0AKUAWIBFACOAFpALmAYoBIgC5CIAEBMRAACAMolAVAAWABkAHgARAAmABcADEAGaARABEgClAFuAPwAjgBaQC5gGKAReAkQBeYDLAGsEgAIAyikCMABYAFQAMgAgABkADQAHkARABFACYAE8AKQAYgAzABzAD9AIgAiQBSgCxAFuAMoAaMA_AD9AIsARwArYBcwDFAH2AReAkQBQ4C5AF5gMsgawBrJUACAScAAA.YAAAAAAAAAAA,,1
lachainemeteo.com,2023-03-15,Weather,France,"{'currency': 'EUR', 'amount': 2.29, 'basis': 'monthly'}",['tcf-tagger.js'],"This site, meteoconsult.fr, weathercrave.co.uk, meteoconsult.it seem to all be identical.",,,,,1
lemonde.fr,2023-03-15,Newspaper,France,"{'currency': 'EUR', 'amount': 10.99, 'basis': 'monthly'}",,,,,,,1
allocine.fr,2023-03-15,Movie & TV Magazine,France,"{'currency': 'EUR', 'amount': 2.0, 'basis': 'monthly'}",,,,,,,1
sciencesetavenir.fr,2023-03-15,Science,France,"{'currency': 'EUR', 'amount': 4.0, 'basis': 'monthly'}",,,,,,,1
huffingtonpost.fr,2023-03-14,Newspaper,France,"{'currency': 'EUR', 'amount': 2.0, 'basis': 'monthly'}",,,,,,,1
capital.fr,2023-03-15,Newspaper,France,"{'currency': '', 'amount': '', 'basis': ''}",,,,CPrmeAAPrmeAAAGABCENDDCgAAAAAH_AACQgAAASEAIEBEQggIEMAAYAEAIAAAQpiQAAAAABAABAAAAKCAAQVgAIIIEAIAQAAAQAABAQgwAAAAAABCAAAACwQCAACAQAAgABAAAAEBAIAACAEAAAAAJARACAAACAggAAAgDAgAACCABAAAAACJDAAAOIIASABAhEAABEAACAAACAAAAAAAAAAAAAAAAAAAAAAAAAACAaEgCgAIAESAMsAfoBtAoAIARQDtw0AMAZYBBQDqiIAYAywDqgMjFQAwBHADLAZGMgBgCOAGWAyMdAFAB8AP0A6gB9gGRjwAYAKgBFAO3IQBABHAHUAWUAyMiACABUAmIlAFAAQAB8ARIB1AGRlIAgBtAD7AJOAZGVABAAqAB8.YAAAAAAAAAAA,CPrmeAAPrmeAAAGABCENDDCsAP_AAH_AACQgJNNN7C__aWNj-359Qft0eY1f99p3ruQhDhaJg6QF1LPCsLwVwmE6NE3opioKmBYEO1LAIQBlHIHUBQGAaokRoTHsak2MJgAAJ7JEkgMZUmdIGFVNm1lDmYIYz3w-0raR2C4NRNvMxMzhP4VP3WN5ts16qHDTVx8YhbH1cAABAAAAQoAAAAAAAAAAAAAAABAAEABAAAEEhACBAREIICBDAAGABACAAAEKYkAAAAAAQAAQAAACggAEFYACCCBACAEAAAEAAAQEIMAAAAAAAQgAAAAsEAgAAgEAAIAAQAAABAQCAAAgBAAAAACQEQAgAAAgIIAAAIAwIAAAggAQAAAAAiQwAADiCAEgAQIRAAARAAAgAAAgAAAAAAAAAAAAAAAAAAAAAAAAAAgIhIFAACAAFgAVAAyABwADwAIIAaABqADyAIgAigBMADeAHMAPQAfoBEAESAJYATQApQBbgDDAGWAPsAfoBFACTAFPANEAbQA3AB8gEOgJEAU0AtgBkgDPgGkANYgcmBygUAEAIoB24QACAtwNANAC4AMsAfYBBQCTAFPgLQAtIB1QD5AIdASIAz4BygiAWAMsAfYBJgCngHVAPkAh0BIgDIwGfAOUFQCQAmABcAEcAMuAtAC0gLYAZGAz4BygyAQAEwARwAywCtgLYAZGAz4Byg6BoAAsACoAGQAOAAgABjADQANQAeAA-gCIAIoATAAuABiADMAG8AOYAegA_ACIAEsAJoAUYApQBbgDDAGUANEAfYA_QCKAEdAJMAU-AtAC0gF5ANwAdQA-wCHQEiAJkAU0AtiBkYGSAMsAZmAz4BpADWIHJgcoBAECOw8AGACoARQDtxwAEBbhCAyAAsADIAMQAagBMAC4AGIAMwAbwA9ACOAFKAMoAfYBFACnwFoAWkA6gCRAFNALKAWwAyMBnwDlCIAIAFQCYiUCAABAACwAMgAcAA-ADEAHgARAAmABcADEAGaARABEgCjAFKALcAZQA-wCnwFoAWkA3AB1AD5AIdASIAtgBkYDLAGfANIAawBAEkABAW4UgUAALAAqABkADgAIAAYwA0ADUAHkARABFACYAFIAMQAZgA5gB-AEQAKMAUoAtwBlADRAH2AR0ArYBeQDaAG4APsAh0BIgCTgFsQMjAyQBlgDPgGkANYgcmBygDxQI7FQAQAKgAfFAAIC3AAA.f_gAAAAAAAAA,,1
le10sport.com,2023-03-20,Newspaper,France,"{'currency': 'EUR', 'amount': 2.0, 'basis': 'monthly'}",,,,,,,1
geo.fr,2023-03-20,Lifestyle,France,"{'currency': 'EUR', 'amount': 1.99, 'basis': 'monthly'}",,,,CPrmeAAPrmeAAAGABCENDDCgAAAAAH_AACQgAAASEAIEBEQggIEMAAYAEAIAAAQpiQAAAAABAABAAAAKCAAQVgAIIIEAIAQAAAQAABAQgwAAAAAABCAAAACwQCAACAQAAgABAAAAEBAIAACAEAAAAAJARACAAACAggAAAgDAgAACCABAAAAACJDAAAOIIASABAhEAABEAACAAACAAAAAAAAAAAAAAAAAAAAAAAAAACAaEgCgAIAESAMsAfoBtAoAIARQDtw0AMAZYBBQDqiIAYAywDqgMjFQAwBHADLAZGMgBgCOAGWAyMdAFAB8AP0A6gB9gGRjwAYAKgBFAO3IQBABHAHUAWUAyMiACABUAmIlAFAAQAB8ARIB1AGRlIAgBtAD7AJOAZGVABAAqAB8.YAAAAAAAAAAA,CPrmeAAPrmeAAAGABCENDDCsAP_AAH_AACQgJNNN7C__aWNj-359Qft0eY1f99p3ruQhDhaJg6QF1LPCsLwVwmE6NE3opioKmBYEO1LAIQBlHIHUBQGAaokRoTHsak2MJgAAJ7JEkgMZUmdIGFVNm1lDmYIYz3w-0raR2C4NRNvMxMzhP4VP3WN5ts16qHDTVx8YhbH1cAABAAAAQoAAAAAAAAAAAAAAABAAEABAAAEEhACBAREIICBDAAGABACAAAEKYkAAAAAAQAAQAAACggAEFYACCCBACAEAAAEAAAQEIMAAAAAAAQgAAAAsEAgAAgEAAIAAQAAABAQCAAAgBAAAAACQEQAgAAAgIIAAAIAwIAAAggAQAAAAAiQwAADiCAEgAQIRAAARAAAgAAAgAAAAAAAAAAAAAAAAAAAAAAAAAAgIhIFAACAAFgAVAAyABwADwAIIAaABqADyAIgAigBMADeAHMAPQAfoBEAESAJYATQApQBbgDDAGWAPsAfoBFACTAFPANEAbQA3AB8gEOgJEAU0AtgBkgDPgGkANYgcmBygUAEAIoB24QACAtwNANAC4AMsAfYBBQCTAFPgLQAtIB1QD5AIdASIAz4BygiAWAMsAfYBJgCngHVAPkAh0BIgDIwGfAOUFQCQAmABcAEcAMuAtAC0gLYAZGAz4BygyAQAEwARwAywCtgLYAZGAz4Byg6BoAAsACoAGQAOAAgABjADQANQAeAA-gCIAIoATAAuABiADMAG8AOYAegA_ACIAEsAJoAUYApQBbgDDAGUANEAfYA_QCKAEdAJMAU-AtAC0gF5ANwAdQA-wCHQEiAJkAU0AtiBkYGSAMsAZmAz4BpADWIHJgcoBAECOw8AGACoARQDtxwAEBbhCAyAAsADIAMQAagBMAC4AGIAMwAbwA9ACOAFKAMoAfYBFACnwFoAWkA6gCRAFNALKAWwAyMBnwDlCIAIAFQCYiUCAABAACwAMgAcAA-ADEAHgARAAmABcADEAGaARABEgCjAFKALcAZQA-wCnwFoAWkA3AB1AD5AIdASIAtgBkYDLAGfANIAawBAEkABAW4UgUAALAAqABkADgAIAAYwA0ADUAHkARABFACYAFIAMQAZgA5gB-AEQAKMAUoAtwBlADRAH2AR0ArYBeQDaAG4APsAh0BIgCTgFsQMjAyQBlgDPgGkANYgcmBygDxQI7FQAQAKgAfFAAIC3AAA.f_gAAAAAAAAA,,1
voici.fr,2023-03-20,Newspaper,France,"{'currency': 'EUR', 'amount': 1.99, 'basis': 'monthly'}",,,,CPrmeAAPrmeAAAGABCENDDCgAAAAAH_AACQgAAASEAIEBEQggIEMAAYAEAIAAAQpiQAAAAABAABAAAAKCAAQVgAIIIEAIAQAAAQAABAQgwAAAAAABCAAAACwQCAACAQAAgABAAAAEBAIAACAEAAAAAJARACAAACAggAAAgDAgAACCABAAAAACJDAAAOIIASABAhEAABEAACAAACAAAAAAAAAAAAAAAAAAAAAAAAAACAaEgCgAIAESAMsAfoBtAoAIARQDtw0AMAZYBBQDqiIAYAywDqgMjFQAwBHADLAZGMgBgCOAGWAyMdAFAB8AP0A6gB9gGRjwAYAKgBFAO3IQBABHAHUAWUAyMiACABUAmIlAFAAQAB8ARIB1AGRlIAgBtAD7AJOAZGVABAAqAB8.YAAAAAAAAAAA,CPrmeAAPrmeAAAGABCENDDCsAP_AAH_AACQgJNNN7C__aWNj-359Qft0eY1f99p3ruQhDhaJg6QF1LPCsLwVwmE6NE3opioKmBYEO1LAIQBlHIHUBQGAaokRoTHsak2MJgAAJ7JEkgMZUmdIGFVNm1lDmYIYz3w-0raR2C4NRNvMxMzhP4VP3WN5ts16qHDTVx8YhbH1cAABAAAAQoAAAAAAAAAAAAAAABAAEABAAAEEhACBAREIICBDAAGABACAAAEKYkAAAAAAQAAQAAACggAEFYACCCBACAEAAAEAAAQEIMAAAAAAAQgAAAAsEAgAAgEAAIAAQAAABAQCAAAgBAAAAACQEQAgAAAgIIAAAIAwIAAAggAQAAAAAiQwAADiCAEgAQIRAAARAAAgAAAgAAAAAAAAAAAAAAAAAAAAAAAAAAgIhIFAACAAFgAVAAyABwADwAIIAaABqADyAIgAigBMADeAHMAPQAfoBEAESAJYATQApQBbgDDAGWAPsAfoBFACTAFPANEAbQA3AB8gEOgJEAU0AtgBkgDPgGkANYgcmBygUAEAIoB24QACAtwNANAC4AMsAfYBBQCTAFPgLQAtIB1QD5AIdASIAz4BygiAWAMsAfYBJgCngHVAPkAh0BIgDIwGfAOUFQCQAmABcAEcAMuAtAC0gLYAZGAz4BygyAQAEwARwAywCtgLYAZGAz4Byg6BoAAsACoAGQAOAAgABjADQANQAeAA-gCIAIoATAAuABiADMAG8AOYAegA_ACIAEsAJoAUYApQBbgDDAGUANEAfYA_QCKAEdAJMAU-AtAC0gF5ANwAdQA-wCHQEiAJkAU0AtiBkYGSAMsAZmAz4BpADWIHJgcoBAECOw8AGACoARQDtxwAEBbhCAyAAsADIAMQAagBMAC4AGIAMwAbwA9ACOAFKAMoAfYBFACnwFoAWkA6gCRAFNALKAWwAyMBnwDlCIAIAFQCYiUCAABAACwAMgAcAA-ADEAHgARAAmABcADEAGaARABEgCjAFKALcAZQA-wCnwFoAWkA3AB1AD5AIdASIAtgBkYDLAGfANIAawBAEkABAW4UgUAALAAqABkADgAIAAYwA0ADUAHkARABFACYAFIAMQAZgA5gB-AEQAKMAUoAtwBlADRAH2AR0ArYBeQDaAG4APsAh0BIgCTgFsQMjAyQBlgDPgGkANYgcmBygDxQI7FQAQAKgAfFAAIC3AAA.f_gAAAAAAAAA,,1
gala.fr,2023-03-20,Newspaper,France,"{'currency': 'EUR', 'amount': 1.99, 'basis': 'monthly'}",,,,CPrmeAAPrmeAAAGABCENDDCgAAAAAH_AACQgAAASEAIEBEQggIEMAAYAEAIAAAQpiQAAAAABAABAAAAKCAAQVgAIIIEAIAQAAAQAABAQgwAAAAAABCAAAACwQCAACAQAAgABAAAAEBAIAACAEAAAAAJARACAAACAggAAAgDAgAACCABAAAAACJDAAAOIIASABAhEAABEAACAAACAAAAAAAAAAAAAAAAAAAAAAAAAACAaEgCgAIAESAMsAfoBtAoAIARQDtw0AMAZYBBQDqiIAYAywDqgMjFQAwBHADLAZGMgBgCOAGWAyMdAFAB8AP0A6gB9gGRjwAYAKgBFAO3IQBABHAHUAWUAyMiACABUAmIlAFAAQAB8ARIB1AGRlIAgBtAD7AJOAZGVABAAqAB8.YAAAAAAAAAAA,CPrmeAAPrmeAAAGABCENDDCsAP_AAH_AACQgJNNN7C__aWNj-359Qft0eY1f99p3ruQhDhaJg6QF1LPCsLwVwmE6NE3opioKmBYEO1LAIQBlHIHUBQGAaokRoTHsak2MJgAAJ7JEkgMZUmdIGFVNm1lDmYIYz3w-0raR2C4NRNvMxMzhP4VP3WN5ts16qHDTVx8YhbH1cAABAAAAQoAAAAAAAAAAAAAAABAAEABAAAEEhACBAREIICBDAAGABACAAAEKYkAAAAAAQAAQAAACggAEFYACCCBACAEAAAEAAAQEIMAAAAAAAQgAAAAsEAgAAgEAAIAAQAAABAQCAAAgBAAAAACQEQAgAAAgIIAAAIAwIAAAggAQAAAAAiQwAADiCAEgAQIRAAARAAAgAAAgAAAAAAAAAAAAAAAAAAAAAAAAAAgIhIFAACAAFgAVAAyABwADwAIIAaABqADyAIgAigBMADeAHMAPQAfoBEAESAJYATQApQBbgDDAGWAPsAfoBFACTAFPANEAbQA3AB8gEOgJEAU0AtgBkgDPgGkANYgcmBygUAEAIoB24QACAtwNANAC4AMsAfYBBQCTAFPgLQAtIB1QD5AIdASIAz4BygiAWAMsAfYBJgCngHVAPkAh0BIgDIwGfAOUFQCQAmABcAEcAMuAtAC0gLYAZGAz4BygyAQAEwARwAywCtgLYAZGAz4Byg6BoAAsACoAGQAOAAgABjADQANQAeAA-gCIAIoATAAuABiADMAG8AOYAegA_ACIAEsAJoAUYApQBbgDDAGUANEAfYA_QCKAEdAJMAU-AtAC0gF5ANwAdQA-wCHQEiAJkAU0AtiBkYGSAMsAZmAz4BpADWIHJgcoBAECOw8AGACoARQDtxwAEBbhCAyAAsADIAMQAagBMAC4AGIAMwAbwA9ACOAFKAMoAfYBFACnwFoAWkA6gCRAFNALKAWwAyMBnwDlCIAIAFQCYiUCAABAACwAMgAcAA-ADEAHgARAAmABcADEAGaARABEgCjAFKALcAZQA-wCnwFoAWkA3AB1AD5AIdASIAtgBkYDLAGfANIAawBAEkABAW4UgUAALAAqABkADgAIAAYwA0ADUAHkARABFACYAFIAMQAZgA5gB-AEQAKMAUoAtwBlADRAH2AR0ArYBeQDaAG4APsAh0BIgCTgFsQMjAyQBlgDPgGkANYgcmBygDxQI7FQAQAKgAfFAAIC3AAA.f_gAAAAAAAAA,,1
femmeactuelle.fr,2023-03-20,Health Magazine,France,"{'currency': 'EUR', 'amount': 1.99, 'basis': 'monthly'}",,,,CPrmeAAPrmeAAAGABCENDDCgAAAAAH_AACQgAAASEAIEBEQggIEMAAYAEAIAAAQpiQAAAAABAABAAAAKCAAQVgAIIIEAIAQAAAQAABAQgwAAAAAABCAAAACwQCAACAQAAgABAAAAEBAIAACAEAAAAAJARACAAACAggAAAgDAgAACCABAAAAACJDAAAOIIASABAhEAABEAACAAACAAAAAAAAAAAAAAAAAAAAAAAAAACAaEgCgAIAESAMsAfoBtAoAIARQDtw0AMAZYBBQDqiIAYAywDqgMjFQAwBHADLAZGMgBgCOAGWAyMdAFAB8AP0A6gB9gGRjwAYAKgBFAO3IQBABHAHUAWUAyMiACABUAmIlAFAAQAB8ARIB1AGRlIAgBtAD7AJOAZGVABAAqAB8.YAAAAAAAAAAA,CPrmeAAPrmeAAAGABCENDDCsAP_AAH_AACQgJNNN7C__aWNj-359Qft0eY1f99p3ruQhDhaJg6QF1LPCsLwVwmE6NE3opioKmBYEO1LAIQBlHIHUBQGAaokRoTHsak2MJgAAJ7JEkgMZUmdIGFVNm1lDmYIYz3w-0raR2C4NRNvMxMzhP4VP3WN5ts16qHDTVx8YhbH1cAABAAAAQoAAAAAAAAAAAAAAABAAEABAAAEEhACBAREIICBDAAGABACAAAEKYkAAAAAAQAAQAAACggAEFYACCCBACAEAAAEAAAQEIMAAAAAAAQgAAAAsEAgAAgEAAIAAQAAABAQCAAAgBAAAAACQEQAgAAAgIIAAAIAwIAAAggAQAAAAAiQwAADiCAEgAQIRAAARAAAgAAAgAAAAAAAAAAAAAAAAAAAAAAAAAAgIhIFAACAAFgAVAAyABwADwAIIAaABqADyAIgAigBMADeAHMAPQAfoBEAESAJYATQApQBbgDDAGWAPsAfoBFACTAFPANEAbQA3AB8gEOgJEAU0AtgBkgDPgGkANYgcmBygUAEAIoB24QACAtwNANAC4AMsAfYBBQCTAFPgLQAtIB1QD5AIdASIAz4BygiAWAMsAfYBJgCngHVAPkAh0BIgDIwGfAOUFQCQAmABcAEcAMuAtAC0gLYAZGAz4BygyAQAEwARwAywCtgLYAZGAz4Byg6BoAAsACoAGQAOAAgABjADQANQAeAA-gCIAIoATAAuABiADMAG8AOYAegA_ACIAEsAJoAUYApQBbgDDAGUANEAfYA_QCKAEdAJMAU-AtAC0gF5ANwAdQA-wCHQEiAJkAU0AtiBkYGSAMsAZmAz4BpADWIHJgcoBAECOw8AGACoARQDtxwAEBbhCAyAAsADIAMQAagBMAC4AGIAMwAbwA9ACOAFKAMoAfYBFACnwFoAWkA6gCRAFNALKAWwAyMBnwDlCIAIAFQCYiUCAABAACwAMgAcAA-ADEAHgARAAmABcADEAGaARABEgCjAFKALcAZQA-wCnwFoAWkA3AB1AD5AIdASIAtgBkYDLAGfANIAawBAEkABAW4UgUAALAAqABkADgAIAAYwA0ADUAHkARABFACYAFIAMQAZgA5gB-AEQAKMAUoAtwBlADRAH2AR0ArYBeQDaAG4APsAh0BIgCTgFsQMjAyQBlgDPgGkANYgcmBygDxQI7FQAQAKgAfFAAIC3AAA.f_gAAAAAAAAA,,1
programme-tv.net,2023-03-20,TV,France,"{'currency': 'EUR', 'amount': 1.99, 'basis': 'monthly'}",,,,CPrmeAAPrmeAAAGABCENDDCgAAAAAH_AACQgAAASEAIEBEQggIEMAAYAEAIAAAQpiQAAAAABAABAAAAKCAAQVgAIIIEAIAQAAAQAABAQgwAAAAAABCAAAACwQCAACAQAAgABAAAAEBAIAACAEAAAAAJARACAAACAggAAAgDAgAACCABAAAAACJDAAAOIIASABAhEAABEAACAAACAAAAAAAAAAAAAAAAAAAAAAAAAACAaEgCgAIAESAMsAfoBtAoAIARQDtw0AMAZYBBQDqiIAYAywDqgMjFQAwBHADLAZGMgBgCOAGWAyMdAFAB8AP0A6gB9gGRjwAYAKgBFAO3IQBABHAHUAWUAyMiACABUAmIlAFAAQAB8ARIB1AGRlIAgBtAD7AJOAZGVABAAqAB8.YAAAAAAAAAAA,CPrmeAAPrmeAAAGABCENDDCsAP_AAH_AACQgJNNN7C__aWNj-359Qft0eY1f99p3ruQhDhaJg6QF1LPCsLwVwmE6NE3opioKmBYEO1LAIQBlHIHUBQGAaokRoTHsak2MJgAAJ7JEkgMZUmdIGFVNm1lDmYIYz3w-0raR2C4NRNvMxMzhP4VP3WN5ts16qHDTVx8YhbH1cAABAAAAQoAAAAAAAAAAAAAAABAAEABAAAEEhACBAREIICBDAAGABACAAAEKYkAAAAAAQAAQAAACggAEFYACCCBACAEAAAEAAAQEIMAAAAAAAQgAAAAsEAgAAgEAAIAAQAAABAQCAAAgBAAAAACQEQAgAAAgIIAAAIAwIAAAggAQAAAAAiQwAADiCAEgAQIRAAARAAAgAAAgAAAAAAAAAAAAAAAAAAAAAAAAAAgIhIFAACAAFgAVAAyABwADwAIIAaABqADyAIgAigBMADeAHMAPQAfoBEAESAJYATQApQBbgDDAGWAPsAfoBFACTAFPANEAbQA3AB8gEOgJEAU0AtgBkgDPgGkANYgcmBygUAEAIoB24QACAtwNANAC4AMsAfYBBQCTAFPgLQAtIB1QD5AIdASIAz4BygiAWAMsAfYBJgCngHVAPkAh0BIgDIwGfAOUFQCQAmABcAEcAMuAtAC0gLYAZGAz4BygyAQAEwARwAywCtgLYAZGAz4Byg6BoAAsACoAGQAOAAgABjADQANQAeAA-gCIAIoATAAuABiADMAG8AOYAegA_ACIAEsAJoAUYApQBbgDDAGUANEAfYA_QCKAEdAJMAU-AtAC0gF5ANwAdQA-wCHQEiAJkAU0AtiBkYGSAMsAZmAz4BpADWIHJgcoBAECOw8AGACoARQDtxwAEBbhCAyAAsADIAMQAagBMAC4AGIAMwAbwA9ACOAFKAMoAfYBFACnwFoAWkA6gCRAFNALKAWwAyMBnwDlCIAIAFQCYiUCAABAACwAMgAcAA-ADEAHgARAAmABcADEAGaARABEgCjAFKALcAZQA-wCnwFoAWkA3AB1AD5AIdASIAtgBkYDLAGfANIAawBAEkABAW4UgUAALAAqABkADgAIAAYwA0ADUAHkARABFACYAFIAMQAZgA5gB-AEQAKMAUoAtwBlADRAH2AR0ArYBeQDaAG4APsAh0BIgCTgFsQMjAyQBlgDPgGkANYgcmBygDxQI7FQAQAKgAfFAAIC3AAA.f_gAAAAAAAAA,,1
eklablog.com,2023-03-20,TV,France,"{'currency': 'EUR', 'amount': 1.0, 'basis': 'monthly'}",,,,,,,1
liberation.fr,2023-03-20,Newspaper,France,"{'currency': 'EUR', 'amount': 1.0, 'basis': 'monthly'}",,,,CPrmeAAPrmeAAAGABCENDDCgAAAAAH_AACQgAAASvAIMBAAAAAEEAAAIEAIQAAQAiQAgAABBAABQAIAOqgACFwEQAIAAKAQAQgAAhBAQgwAAAACAJAAABACwQCAACAQAAgAFAAAAEJAICACwEAAAEAJCBQiACECAgiAAApCAgIACCAFIAAAAOJDACAMssACDBghUICJUAwGBABCwMBwAICViQADIACgACEAKAUSgQqAR0AACBASCABgAfgE0AKWAWcBT4DAgkAcABAAjgBlgEAANYAmUBt4UAEAIoB24aAMAMsAgABBQDWAHVAgwIgDADLAIAAawA6oDIwIMCoAgAjgBlgMjAbkMgBgCOAGWAyMcADAAcAI4B1g6AQAWIA6gB9gF2gMjAaIA28CVA8AEAIoB25AACAM0hAGAEcAdQBZQC7QGRgNEIgAQExEgAQAzQHWEoBAACABHAHUAXaAyMBt4EDwJKlAAQAfwCDlIAoB9gEnALtAZGA28qABADaAA.YAAAAAAAAAAA,CPrmeAAPrmeAAAGABCENDDCsAP_AAH_AACQgfstf_X__b3_r-_5___t0eY1f9_7__-0zjhfdl-8N3f_X_L8X_2M7vF36tq4KuR4Eu3LBIUdlHPHcTVmw6okVrzPsbk2cr7NKJ7PEmnMbO2dYGH9_n1_z_ZKY7_____77_v-__________-_f___5___-__f_V__95fn9_____9_P___9v__9__________3____7_H_-f__AAAAAAAAAAAAAAAAAAAAAAAAAAAAAAAAAAAAAAAAAAAAAAAAAAAAAAAAAAAAAAAAAAAAAAAAAAAAAAAAAAAAAAAAAAAAAAAAAAAAAAAAAAAAAAAAAAAAAAAAAAAAAAAAAAAAAAAAAAAAAAAAAAAAAAAAAAAAAAAAAAAAAAAAAAAAAAAAAAAAAAAAAAAAAAAAAAAAAAAAAAAAAAAAAAAAAAAAAAAAAAAAAAAAAAAAAAAAAAAAAAAAAAAAAAAAAAAAAAAAAAAAAAAAAAAAAAAAAAAAAAAAAAAAAAAAAAAAAAAAAAAAAAAAAAAAAAAAAAAAAAAAAAAAAAAAAAAAAAAAAAAAAAAAAAAAAAAAAAAAAAAAAAAAAAAAAAAAAAAAAAAAAAAAAAAAAAAAAAAAAAAAAAAAAAAAAAAAAAAAAAAAAAAAAAAAAAAAAAAAAAAAAAAAAAAAAAAAAAAAAAAAAAAAAAAAAAAYJXgEGAgAAAACCAAAECAEIAAIARIAQAAAggAAoAEAHVQABC4CIAEAAFAIAIQAAQggIQYAAAABAEgAAAgBYIBAABAIAAQACgAAACEgEBABYCAAACAEhAoRABCBAQRAAAUhAQEABBACkAAAAHEhgBAGWWABBgwQqEBEqAYDAgAhYGA4AEBKxIABkABQABCAFAKJQIVAI6AABAgLBILgACAAFwAUABUADIAHIAPABAADCAGgAagA8gCGAIoATAAngBVADeAHMAPQAfgBCACGgEQARIAjgBLACaAFKALcAYYAyABlgDZAHeAPYAfEA-wD9gH-AgABAwCKQEXARgAjQBHACTAEpAKCAU8Aq4BcwDFAGsANoAbgA4gB8gEOgJEATKAnYBQ4CkQFNALFAWwAuQBd4C8wGDAMNAZIAycBlwDOQGfANIgawBrIDb4HJgcoA5cB44D2gIQgQvAhyBD0CH4EQwIpAR9Aj-BIoCSEEmASZAk2BLACWYUAEAIoB24QAeABsAEgAMgAfgE0AKWAWcAvoCbAFNgKfAW4AwIBo4Dag0CAALgAhgBkADLAGzAPsA_ACAAEFAIwASYAp4BV4C0ALSAawA6oB8gEOgImARUAkQBOwCkQFyAMnAZyAzwBnwDlAIMAR_AkUBLMMAEATYApsBo4DahEBsAQwAyABlgDZgH2AfgBAACMAEmAKeAVcA1gB1QD5AIdASIAnYBSIC5AGRgMnAZyAz4BygEGAI_gSKAlmIABgAkATYA2oVAVAAoAEMAJgAXABHADLAI4AVeAtAC0gLYAXIAvMBkYDOQGeAM-AbkA5QCF4EfwJFCgAYCbAG1AP9GQEwAhgBMAEcAMsAjgBVwCtgLRAWwAuQBeYDIwGcgM8AZ8A5QCF4EfwJFDAAYCbAG1AP9HQcQAFwAUABUADIAHIAPgBAAC6AGAAYwA0ADUAHgAPoAhgCKAEwAJ4AVQAuABiADMAG8AOYAegA_ACGgEQARIAlgBNACjAFKALEAW8AwgDDAGQAMoAaIA2QB3gD2gH2AfoA_wCBgEUgIsAjEBHAEdAJMASkAoIBTwCrgFigLQAtIBcwC8gGKANoAbgA4gBzgDqAH2AQ6AioBF4CRAEqAJ2AUOApoBVgCxQFsALgAXIAu0Bd4C8wGDAMNAY9AyMDJAGTgMqAZYAy4BmYDOQGfANEAaQA1UBrADbwHFwOTA5QBy4DxwHtAPrAgCBBoCF8EOQQ6Ah6BFICOwEfQI_gSKAkgBJkCTYEqAJVgSwglmCWg8AEAIoB244AaAA4AEgAMgAoACOAMyAmwBTYCpQFuANHAbUA6whBCAAWABQADIALgAYgA1ACGAEwAKYAVQAuABiADMAG8APQAjgBSgCxAGEAMoAd4A-wB_gEUAI4ASkAoIBTwCrwFoAWkAuYBigDaAHOAOoAkQBKgCmgFWALFAWUAtEBbAC4AFyALtAZGAycBnIDPAGfANEAaqA4ABygDxwIUAQvAh0BD0CPoEfwJFASQAkyBLQiABATEQADADNAMyAmwBUoDagH-koIAACAAFgAUAAyABwAD8AMAAxAB4AEQAJgAVQAuABiADMAIaARABEgCOAFGAKUAW4AwgBlADZAHfAPsA_ACOAFPAKvAWgBaQC5gGKANwAdQA-QCHQETAIqAReAkQBYoC2AF2gLzAZGAycBlgDOQGeAM-AaQA1gBt4DgAHtAQBAgeBCECF4EPQI_gSKAkgBJUCTJIAMAM0AzICbAFuAOsAf6UgrAALgAoACoAGQAOQAfACCAGAAYwA0ADUAHkAQwBFACYAE8AKQAVQAxABmADmAH4AQ0AiACJAFGAKUAWIAtwBhADIAGUANEAbIA74B9gH6ARYAjEBHAEdAJSAUEAq4BWwC5gF5AMUAbQA3AB9gEOgImAReAkQBJwCdgFDgKsAWKAtgBcAC5AF2gLzAYbAyMDJAGTgMsAZcAzkBngDPgGkQNYA1kBt8DkwOUAcuA8UB44D2gIQgQvAhmBDoCHoEUgI7AR_AkUBJACTIEqgJZlQAIAbSgAoAEgAMgA_gEHAJOAmwBTYCpQFuAP9AAAA.YAAAAAAAAAAA,,1
jeuxvideo.com,2023-03-20,Newspaper,France,"{'currency': 'EUR', 'amount': 2.0, 'basis': 'monthly'}",,,,,,,1
over-blog.com,2023-03-20,Newspaper,France,"{'currency': 'EUR', 'amount': 2.0, 'basis': 'monthly'}",,,,,,,1
faz.net,2023-03-15,Newspaper,Germany,"{'currency': 'EUR', 'amount': 46.9, 'basis': 'monthly'}",,,,CPrmeAAPrmeAAAGABCENDDCgAAAAAELAACQgAAAJWgCAAkAIQASIBKwAAAAA.YAAAAAAAAAAA,CPrmeAAPrmeAAAGABCENDDCgAP_AAELAACQgIxAR5DpFTWFAQXx5QPNwGIQUUMAAAGQiDACBAiABAAMQYAQE0kECMASABAACAQAAIBIBAAAEDAAAAAAAAAAEAACAAAAAgAAIIAAAABEAQAIQAAIIAAAAAAAIAAABAAAAmACQAILCQEAABAAQAAAAACAAAIAAAAAAAAAAAAAAAAAAAAAAAAAgAIAAAAAAAQJWgCAAkAIQASIBKwCYIACAr8JAeAAWABUADIAHAAQAAyABoADyAIgAigBMACeAG8AOYAfgBCACGAFKALcAYYA9oB-AH6ARQAjgBKQDFAJ2AXmAwYBkgDdQgAIBX4DIQ0AQALgAhgB-AJ2DAAQFfiIAYAhgB-AJ2EAAQFfioAgATAAuAEcAXmKAAgK_GQAwAmAEcAXmMABAFiAV-OgUgALAAqABkADgAIAAZAA0AB5AEQARQAmABPgC4ALoAYgAzABvADmAH4AQwApQBYgC3AGGAMoAaIA9oB-AH6ARQAiwBHACUgFiAMUAi8BMgCdgF5gMGAZIAywBuoDixwAYAC4AZACMgGBAV-AyEhAOAAWABkAJgAXAAxABmADeAKUAWIAygCKAEcAJSAYogADAIyAWIBX5KAmAAsADIAHAAeABEACYAFwAMQAZgBDAClAFuAMoAfgBHADFAIvAXmAywkADAAuAGQAjJSBCAAsACoAGQAOAAgABkADQAHkARABFACYAE8AKQAYgAzABzAD8AIYAUoAsQBbgDKAGjAPwA_QCLAEcAJSAi8BOwC8wGSAMsAbqBDMoAGAAuAGQAsQBdQDFAK_A.YAAAAAAAAAAA,,1
spiegel.de,2023-03-15,Newspaper,Germany,"{'currency': 'EUR', 'amount': 4.99, 'basis': 'monthly'}",,,,CPrmeAAPrmeAAAGABCENDDCgAAAAAAPAACQgAAAGAgBAF1AMAAAA.YAAAAAAAAAAA,CPrmeAAPrmeAAAGABCENDDCgAP_AAAPAACQgIcgB5ChETWFAIHJ_AMEAGIAXVgAVAEAAABCAACABAAEAYIAA0UAAIASAAAACAAAAoAIBAAAEAAAEAAAAAAAEABBAAAAAgAAIIABEAAEAAAAAAAoAAAAAEAAAAAARAAAAmQAAA0KEAECAkAAQAAAAgCAAAIAEAgMAAAAIAAIAAAAAAgAAEAAAAAIDAQAgC6gGAAOCQIQAFgAVAA4ACAAGQANIAiACKAEwAJ4AbwA5gB-AEIAIaARABEgCWAE0AMOAfgB-gEDAIoARoAjgBcwDFAG4ASIAocBeYDPgG6gPHAhyEAAgAkDQBQAuACGAH4AkQBnwiAIAIYAfgCRAGfCAAIAJBUAUAJgAXACOALzAZ8MgCABMAI4AvMBnw6BSAAsACoAHAAQAAyABpAEQARQAmABPAC4AGIAN4AcwA_ACGgEQARIAlgBNADDgH4AfoBAwCKAEWAI4AXMAxQBuAD7AIvASIAocBeYC-gGWAMzAZ8A3UBxYDxwIAgQ5HABQALgAkACgAYEA15CAYAAsAJgAXAAxABvAIoARwAuYBigEiAM-AeOSgKAALAA4AEQAJgAXAAxACGgEQARIA_ACOAFzAMUAbgA-wCLwEiALzAZYAz4CAJIAEABcA15SA-AAsACoAHAAQAAyABpAEQARQAmABPACkAGIAOYAfgBDQCIAImAfgB-gEWAI4AXMAxQBuAD7AIvASIAocBeYC-gGWAM-AbqA8coADAAuACQA14AA.YAAAAAAAAAAA,,1
bild.de,2023-03-15,Newspaper,Germany,"{'currency': 'EUR', 'amount': 3.99, 'basis': 'monthly'}",,,,CPrmeAAPrmeAAFZABCENDDCgAAAAAAAAACQgAAAAAAAA.YAAAAAAAAAAA,CPrmeAAPrmeAAFZABCENDDCgAP_AAAAAACQgIcpZ_D7VbWFC-f59aPsgOYxXVMCSAuQCCACAA0ABgAKQcDwCkmAaNESgBgACGQAAoRJBIAIEDAEECUAAYAAEAAGgAAAEhAAIIABAgBEAAAIYAAoCAAAAAACIwAAREAAAmRgYAcLmGEBAxAAQIAAQgAABAAAAAgMAAAAIAAIAAAAAAAgAAAAAAAIAAAEgkCoABYAFQAMgAcAA8ACAAGQANAAeQBDAEUAJgATwAqgBvADmAH4AQgAhgBEACWAFKALcAYYA9oB-AH6ARwAkwBKQC5gGKANwAcQBIgCdgFDgKRAXmAwYBk4DggHjgQ5CAC4AHAAeABsAEgAPwCDgE0AOqAlYBTYDIQG0BoBYAXABDAD8AIKASYA6oCRAE7AKRAZOAzwMACAOoApsRAIAEMAPwAkwB1QEiAJ2AUiAycQABABIKgDABDACYAFwAjgC8wGeCgAQBBQDqjIAoAQwAmAEcAXmAzwYACALEAdUdAzAAWABUADIAHAAQAAyABoADwAH0AQwBFACYAE8AKsAXABdADEAG8AOYAfgBDACIAEsAKMAUoAsQBbgDDAGiAPaAfgB-gEWgI4AjoBJgCUgFiALmAYoA3ABxADqAIvASIAnYBQ4C8wF9AMGAZOAywBqoDxwIcjgC0ADgAPAAuACQAHIAPwAoADNAILAQcBCACIgE0AL0AYEA14B0gDqgJWAU2ArsBkIDJgG0EICgACwAMgBDACYAFUALgAYgA3gClAFiARwAlIBcwDFAHUASIAycBngDVQHjkAAgAzQCCgFiAOqSgNAALAAyABwAHgARAAmABVAC4AGIAQwAiABRgClAFuAPwAjgBcwDFAG4AOoAi8BIgC8wGTgMsAZ4SADgAXAByAM0Ag4BrwDqgJWKQKAAFgAVAAyABwAEAAMgAaAA8gCGAIoATAAngBSACqAGIAOYAfgBDACIAFGAKUAWIAtwBowD8AP0Ai0BHAEdAJSAXMAxQBuAEXgJEATsAocBeYC-gGTgMsAZ4A8coAPAAuACQAHIAPwA2gDNAIOAWIAuoBrwDqgKbAV2AyYBwQA.YAAAAAAAAAAA,,1
t-online.de,2023-03-15,Newspaper,Germany,"{'currency': 'EUR', 'amount': 2.99, 'basis': 'monthly'}",,,,CPrmeAAPrmeAAAGABCENDDCgAAAAAAAAACQgAAAAAAAA.YAAAAAAAAAAA,CPrmeAAPrmeAAAGABCENDDCgAP_AAAAAACQgIxBVJCpNDWFAMHBdAJIgGYAU1sAQICQAABCAAyAFCAGA8IAA0QEAEAQAAAACAAAAgVABAAAAAABEAACAAAAEAQFkAAQQgAAIAAAAAAEQQgBQAAgAAAAAAAAIgAABAwQAkACQIYLGBUCAhIAQCgAAgIgBgICAAgMACEAYAAAAAAIAAIBAAgJEMIAAAAEAAQAAAHBIE4ACAAKgAZAA5AB8AIAAZAA0gCIAIoATAAngBvADmAH4AQgAhoBEAESAJYAUoAw4B9gH6AQMAigBGgC5gGKANoAbgA-QCdgFDgLzAYMAw0BrIDggHJgPHAhCBFIIAFAHOAugBkIEDAIXBoAgAhoB9gH4AfIBOwiAIAIaAfYB-AHyATsKgBABMAXmMgBABMAXmOgUgAVAAyAByAD4AQAAyABoAD6AIgAigBMACeAG8AOYAfgBDQCIAIkASwApQBhgDRgH2AfoBAwCKAEWALmAYoA2gBuAEXgJkATsAocBeYDBgGGgMqAZYAzMBxYDkwHjgRSHACwAEAAXACgAOcAvQB8gEIALiAXQAyEBppCAUABkAJgAbwBSgD7AIoAXMAxQBtAHjkAAoACABzgFZAXQBCglASAAQABkADgAHwAiABMAENAIgAiQBSwD7APwAuYBigDcAHyAReAvMBlgEISQAEAC5SBGABUADIAHIAPgBAADIAGkARABFACYAE8AKQAcwA_ACGgEQARIApQBowD7AP0AiwBcwDFAG0ANwAi8BOwChwF5gMNAZYA1kBwQDkwHjgQhAhmBFIoAFAAuAOcAkQBWQIGA.f_gAAAAAAAAA,,1
welt.de,2023-03-15,Newspaper,Germany,"{'currency': 'EUR', 'amount': 3.99, 'basis': 'monthly'}",,,,CPrmeAAPrmeAAFZABCENDDCgAAAAAAAAACQgAAAAAAAA.YAAAAAAAAAAA,CPrmeAAPrmeAAFZABCENDDCgAP_AAAAAACQgIcpZ_D7VbWFC-f59aPsgOYxXVMCSAuQCCACAA2ABgAKQcDwCkmAaNESgBgACGQAAoRJBIAIEDAEECUAAYAAEAAGgAAAEhAAIIABAgBEAAAIYAAoCAAAAAACIgAAREAAAmRgYA8LmGEBAxAAQIAAQgAABAAAAAgMAAAAAAAIAAAAAAAgAAAAAAAIAAAEgkCoABYAFQAMgAcAA8ACAAGQANAAeQBDAEUAJgATwAqgBvADmAH4AQgAhgBEACWAFKALcAYYA9oB-AH6ARwAkwBKQCaAFzAMUAbgA4gCRAE7AKHAUiAvMBgwDJwHBAQ5CACoAHAAeABsAEgAPwCDgHVASsApsBkIDaA0AsALgAhgB-AEFAJMAdUBIgCdgFIgMnAZ4GABAHUAU2IgEgCGAH4ASYAmgB1QEiAJ2AUiAycQABABIKgDABDACYAFwAjgC8wGeCgAQBBQDqjIAoAQwAmAEcAXmAzwYACALEAdUdAzAAWABUADIAHAAQAAyABoADwAH0AQwBFACYAE8AKsAXABdADEAG8AOYAfgBDACIAEsAKMAUoAsQBbgDDAGiAPaAfgB-gEWgI4AjoBJgCUgFiALmAXoAxQBuADiAHUAReAkQBOwChwF5gL6AYMAycBlgDVQIcjgCkADgAPAAuACQAHIAPwAoADNAILAQcBCACIgGBANeAdIA6oCVgFNgK7AZCAyYBtBCAmAAsADIAQwAmABVAC4AGIAN4ApQBYgEcAJSAXMAxQB1AEiAMnAZ4A1UgAEAGaAQUAsQB1SUBoABYAGQAOAA8ACIAEwAKoAXAAxACGAEQAKMAUoAtwB-AEcALmAYoA3AB1AEXgJEAXmAycBlgDPCQAcAC4AOQBmgEHANeAdUBKxSBQAAsACoAGQAOAAgABkADQAHkAQwBFACYAE8AKQAVQAxABzAD8AIYARAAowBSgCxAFuANGAfgB-gEWgI4AjoBKQC5gGKANwAi8BIgCdgFDgLzAX0AycBlgDPAHBFABwAFwASAA5AB-AG0AZoBBwCxAF1ANeAdUBTYCuwGTA.YAAAAAAAAAAA,,1
zeit.de,2023-03-15,Newspaper,Germany,"{'currency': 'EUR', 'amount': 3.99, 'basis': 'monthly'}",,,,CPrmeAAPrmeAAAGABCENDDCgAAAAAAAAACQgAAAAAAAA.YAAAAAAAAAAA,CPrmeAAPrmeAAAGABCENDDCsAP_AAAAAACQgIzAR5DpFTWFAQXxZQONgGIQUUMAAAGQCDACBAiABAAMQYAQA0kACMASABAACAAAAIBIBAABEDAAAAAAAAAAEAACgAAAAgAAIIAAAABEAAAIAAAIIAAAAAAAAAAABAAAAmACQAILCAEAABAAQAAAAACAAAAAAAAAAAAAAAAAAAAAAAAAAAAAgAIAAAAAAABAAAAeEgOAALAAqABkADgAIAAZAA0AB5AEQARQAmABPADeAHMAPwAhABDAClAFuAMMAe0A_AD9AIoARwAlIBigF5gMGAbqEABgAkASsAyENADAC4AIYAfgiAEAIYAfggACACQVAEACYAFwAjgC8xkAMAJgBHAF5joEYACwAKgAZAA4ACAAGQANAAeQBEAEUAJgATwAuABiADeAHMAPwAhgBSgCxAFuAMMAZQA0QB7QD8AP0AigBFgCOAEpAMUAi8BeYDBgGWAN1HACQALgAkAC6AGQAhABGQDAgJWAZCQgGgALAAyAEwALgAYgA3gClAFiAMoAigBHACUgGKIAAQCMkoCQACwAMgAcAB4AEQAJgAXAAxACGAFKALcAZQA_ACOAGKAReAvMBlhIAIABcAMgBGQErFIDwACwAKgAZAA4ACAAGQANAAeQBEAEUAJgATwApABiADmAH4AQwApQBYgC3AGUANGAfgB-gEWAI4ASkBF4C8wGWAN1AhmUACgAXABIAGQAuoBig.YAAAAAAAAAAA,,1
heise.de,2023-03-15,Newspaper,Germany,"{'currency': 'EUR', 'amount': 4.95, 'basis': 'monthly'}",,,,CPrmeAAPrmeAAAGABCENDDCgAAAAAAAAACQgAAAAAAAA.YAAAAAAAAAAA,CPrmeAAPrmeAAAGABCENDDCgAP_AAAAAACQgIspB5D5MDWFBMXh9YMsQMAEXx1AxImAAChCAESABQBMAcIQAkCAAIASAAAAAAAYAoBIBAAAADEAEAAAAQIAEABEEAgQAgAAIIABAAAEBAAEQAAgIAAAAEAAIAEABAACAkACAAAKgRFDACIAQCAAIAIgAAIABAgMBAAAIAAgIAAAIIIgEAQIAAAAAAAACAAABEJAiAAWABUADIAHIAPgBAADSAIgAigBMACeAFUAPQAfgBCQCIAIkARwAlgBNAClAFuAMOAfgB-gEDALmAYoA1gBuAEiAJ2AUOAvMBkgDLgHjgQhCAAgAZAP3DQBgAuAD8gLQAtIBrAEiAJ2DAAQDqCIAgA_ADWAJEATsKgCgBMAC4AI6AtAC0gLzFAAQH-jIAYATABHALzGAAQH-joFgACwAKgAZAA5AB8AIAAaAA-gCIAIoATAAngBVAC4AGIAMwAegA_QCIAIkASwAmgBSgC3AGHAPwA_QCBgEWAI7AWgBaQC5gGKANwAdQA-wCLwEiAJ2AUOAvMBkgDLAGXAMzAcWA8cCDQ4AWABcAGQAUABHADuAIQAYEA1gCEAExAP3IQEAAFgAZACYAFUALgAYgAzAB6AEcAKWAtAC0gFzAMUAdQBIgDxyAAQA7YCYgH-gRZJQGQAFgAZAA4AB8AIgATAAqgBcADEAGaARABEgCOAFKALcAfkBaAFpALmAYoA3AB1AEXgJEAXmAywCEJIAOABcAXIA7gDtgH2AfuA_0pAiAAWABUADIAHIAPgBAADSAIgAigBMACeAFIAKoAYgAzAB-gEQARIApQBbwD8AP0AiwBHQC5gGKANwAfYBF4CRAE7AKHAXmAyQBlgDLgHjgQhKADAALgAyADaAI4AXIA7gC6gHbATEA_cB_oEWQAAA.YAAAAAAAAAAA,,1
stern.de,2023-03-15,Newspaper,Germany,"{'currency': 'EUR', 'amount': 4.99, 'basis': 'monthly'}",,,,CPrmeAAPrmeAAAGABCENDDCgAAAAAAAAACQgAAAAAAAA.YAAAAAAAAAAA,CPrmeAAPrmeAAAGABCENDDCgAP_AAAAAACQgI5gBBCoEDGFAIHB5AMMAGYAUAAAQAEACABCAACABAAAAIAAAUAAAIAQAAAACAQAAAAIBAAAEAAAEAAAAAAAEABFAAAAAgAAIIABAAAEAAAAAAAIAAAAAAAAAAAARAAAAmQAAAUKEAEAAAAAAAAAAgAAAAAAEAgMAAAAAAAIAAAAAAgAAAAAAAAIAAAAAAAAAgAAAOCQFAAKgAZABAADIAGkARABFACYAE8AN4AcwA_ACWAGGAP0AigBigDcAJEAXmBDkdAeAAqABkAEAAMgAaQBEAEUAJgATwAuABiADeAHMAPwAlgBYgDDAH6ARQAiwBYgDFAG4APsAi8BIgC8wF9AMsAgCBDkcADAAuAYEA14aAEAFwBIgiACAkQVADACYAFwBeYyAEAEwBeYwACAWIhAJAAyAEwALgAYgA3gCxAIoAYoBIhAACAWIlANAAyAEQAJgAXAAxAGKANwAfYBF4CRAF5gMsAgCSABAAXANeUgLgAVAAyACAAGQANIAiACKAEwAJ4AUgAxABzAD8ALEAfoBFgDFAG4APsAi8BIgC8wF9AMsKAAwALgFiANe.YAAAAAAAAAAA,,1
rp-online.de,2023-03-15,Newspaper,Germany,"{'currency': 'EUR', 'amount': 1.0, 'basis': 'weekly'}",,,,,,,1
computerbild.de,2023-03-15,Tech Magazine,Germany,"{'currency': 'EUR', 'amount': 3.99, 'basis': 'monthly'}",['gdpr-stub.js'],,,CPrmeAAPrmeAAFZABCENDDCgAAAAAAAAACQgAAAAAAAA.YAAAAAAAAAAA,CPrmeAAPrmeAAFZABCENDDCgAP_AAAAAACQgIcpZ_D7VbGFC-f59aPsgOYxXVMCSAuQCCACAA2ABgAKQcDwCkmAaNESgBgACGQAAoRJBIAIEDAEECUAAYAAEAAGgAAAEhAAIIABAgBEAAAIYAAoCAAAAAACIgAAREAAAmRgYA8LmGEBAxAAQIAAQgAABAAAAAgMAAAAAAAIAAAAAAAgAAAAAAAIAAAEwQAEBkwSBUAAsACoAGQAOAAeABAADIAGgAPIAhgCKAEwAJ4AVQA3gBzAD8AIQAQwAiABLAClAFuAMMAe0A_AD9AI4ASYAlIBNAC5gGKANwAcQBIgCdgFDgKRAXmAwYBk4DggIchABUADgAPAA2ACQAH4BBwDqgJWAU2AyEBtAaAWAFwAQwA_ACCgEmAOqAkQBOwCkQGTgM8DAAgDqAKbEQCQBDAD8AJMATQA6oCRAE7AKRAZOIAAgAkFQBgAhgBMAC4ARwBeYDPBQAIAgoB1RkAUAIYATACOALzAZ4MABAFiAOqOgZgALAAqABkADgAIAAZAA0AB4AD6AIYAigBMACeAFWALgAugBiADeAHMAPwAhgBEACWAFGAKUAWIAtwBhgDRAHtAPwA_QCLQEcAR0AkwBKQCxAFzAL0AYoA3ABxADqAIvASIAnYBQ4C8wF9AMGAZOAywBqoEORwBSABwAHgAXABIADkAH4AUABmgEFgIOAhABEQDAgGvAOkAdUBKwCmwFdgMhAZMA2ghATAAWABkAIYATAAqgBcADEAG8AUoAsQCOAEpALmAYoA6gCRAGTgM8AaqQACADNAIKAWIA6pKA0AAsADIAHAAeABEACYAFUALgAYgBDACIAFGAKUAW4A_ACOAFzAMUAbgA6gCLwEiALzAZOAywBnhIAOABcAHIAzQCDgGvAOqAlYpAoAAWABUADIAHAAQAAyABoADyAIYAigBMACeAFIAKoAYgA5gB-AEMAIgAUYApQBYgC3AGjAPwA_QCLQEcAR0AlIBcwDFAG4AReAkQBOwChwF5gL6AZOAywBngDgigA4AC4AJAAcgA_ADaAM0Ag4BYgC6gGvAOqApsBXYDJgAA.YAAAAAAAAAAA,,1
wunderweib.de,2023-03-15,Newspaper,Germany,"{'currency': 'EUR', 'amount': 2.99, 'basis': 'monthly'}",['gdpr-stub.js'],,,CPrmeAAPrmeAAAGABCENDDCgAAAAAAAAACQgAAAAAAAA.YAAAAAAAAAAA,CPrmeAAPrmeAAAGABCENDDCgAP_AAAAAACQgIxBFJCpNDWFAMHBdAJAgGYAU1sAQICQAABCAAwAFCAGA8IAA0QECEAQAAAAAAAAAgVIBAABAAABEAACAAAAEAQFkAAQQgAAIIAAAAAEQQgJAAAgAAAAAAAAIAAABAwQAkACQIYKGBEAAhIAQCAAAgIABgACAAAMACEAYAAAAAAIAAIBgAgJEMAAAAAEAAQAAAHBIEoACAAKgAZAA5AB8AIAAaQBEAEUAJgATwA3gBzAD8AIQAQ0AiACJAEsAKUAYcA-wD9AIGARQAjQBKQC5gGKANoAbgA-QChwF5gMGAYaA4IByYDxwIQgRSCABwAZABGAHOAugBkIEDAIXBoAYAhoB9gH4AfIRADAENAPsA_AD5CoAQATAF5jIAQATAF5joEwAFQAMgAcgA-AEAANAAfQBEAEUAJgATwA3gBzAD8AIaARABEgCWAFKAMMAaMA-wD9AIGARQAiwBKQC5gF6AMUAbQA3ACLwEyAKHAXmAwYBhoDLAHJgPHAikOAGAAIAAuADIAIwAUABCADnAMCAhABdADIQGmkIBgAGQAmABvAFKAPsAigBKQC5gGKANoA8cCFBAAGAAgAc4C6CUBIABAAGQAOAAfACIAEwAQ0AiACJAFLAPsA_AC5gGKANwAfIBF4C8wGWAQhJABQALgBvAEIAL4A9BSA-ABUADMAHwAgABpAEQARQAmABPACkAHMAPwAhoBEAESAKUAaMA-wD9AIsASkAuYBigDaAG4AReAocBeYDDQGWAOCAcmA8cCEIEUigAkAC4AHAAZABGADeAIQAc4BIgIGA.YAAAAAAAAAAA,,1
praxisvita.de,2023-03-15,Health Magazine,Germany,"{'currency': 'EUR', 'amount': 2.99, 'basis': 'monthly'}",['gdpr-stub.js'],,,CPrmeAAPrmeAAAGABCENDDCgAAAAAAAAACQgAAAAAAAA.YAAAAAAAAAAA,CPrmeAAPrmeAAAGABCENDDCgAP_AAAAAACQgIxBFJCpNDWFAMHBdAJAgGYAU1sAQICQAABCAAwAFCAGA8IAA0QECEAQAAAAAAAAAgVIBAABAAABEAACAAAAEAQFkAAQQgAAIIAAAAAEQQgJAAAgAAAAAAAAIAAABAwQAkACQIYKGBEAAhIAQCAAAgIABgACAAAMACEAYAAAAAAIAAIBgAgJEMAAAAAEAAQAAAHBIEoACAAKgAZAA5AB8AIAAaQBEAEUAJgATwA3gBzAD8AIQAQ0AiACJAEsAKUAYcA-wD9AIGARQAjQBKQC5gGKANoAbgA-QChwF5gMGAYaA4IByYDxwIQgRSCABwAZABGAHOAugBkIEDAIXBoAYAhoB9gH4AfIRADAENAPsA_AD5CoAQATAF5jIAQATAF5joEwAFQAMgAcgA-AEAANAAfQBEAEUAJgATwA3gBzAD8AIaARABEgCWAFKAMMAaMA-wD9AIGARQAiwBKQC5gF6AMUAbQA3ACLwEyAKHAXmAwYBhoDLAHJgPHAikOAGAAIAAuADIAIwAUABCADnAMCAhABdADIQGmkIBgAGQAmABvAFKAPsAigBKQC5gGKANoA8cCFBAAGAAgAc4C6CUBIABAAGQAOAAfACIAEwAQ0AiACJAFLAPsA_AC5gGKANwAfIBF4C8wGWAQhJABQALgBvAEIAL4A9BSA-ABUADMAHwAgABpAEQARQAmABPACkAHMAPwAhoBEAESAKUAaMA-wD9AIsASkAuYBigDaAG4AReAocBeYDDQGWAOCAcmA8cCEIEUigAkAC4AHAAZABGADeAIQAc4BIgIGA.YAAAAAAAAAAA,,1
cosmopolitan.de,2023-03-15,Health Magazine,Germany,"{'currency': 'EUR', 'amount': 2.99, 'basis': 'monthly'}",['gdpr-stub.js'],,,CPrmeAAPrmeAAAGABCENDDCgAAAAAAAAACQgAAAAAAAA.YAAAAAAAAAAA,CPrmeAAPrmeAAAGABCENDDCgAP_AAAAAACQgIxBFJCpNDWFAMHBdAJAgGYAU1sAQICQAABCAAwAFCAGA8IAA0QECEAQAAAAAAAAAgVIBAABAAABEAACAAAAEAQFkAAQQgAAIIAAAAAEQQgJAAAgAAAAAAAAIAAABAwQAkACQIYKGBEAAhIAQCAAAgIABgACAAAMACEAYAAAAAAIAAIBgAgJEMAAAAAEAAQAAAHBIEoACAAKgAZAA5AB8AIAAaQBEAEUAJgATwA3gBzAD8AIQAQ0AiACJAEsAKUAYcA-wD9AIGARQAjQBKQC5gGKANoAbgA-QChwF5gMGAYaA4IByYDxwIQgRSCABwAZABGAHOAugBkIEDAIXBoAYAhoB9gH4AfIRADAENAPsA_AD5CoAQATAF5jIAQATAF5joEwAFQAMgAcgA-AEAANAAfQBEAEUAJgATwA3gBzAD8AIaARABEgCWAFKAMMAaMA-wD9AIGARQAiwBKQC5gF6AMUAbQA3ACLwEyAKHAXmAwYBhoDLAHJgPHAikOAGAAIAAuADIAIwAUABCADnAMCAhABdADIQGmkIBgAGQAmABvAFKAPsAigBKQC5gGKANoA8cCFBAAGAAgAc4C6CUBIABAAGQAOAAfACIAEwAQ0AiACJAFLAPsA_AC5gGKANwAfIBF4C8wGWAQhJABQALgBvAEIAL4A9BSA-ABUADMAHwAgABpAEQARQAmABPACkAHMAPwAhoBEAESAKUAaMA-wD9AIsASkAuYBigDaAG4AReAocBeYDDQGWAOCAcmA8cCEIEUigAkAC4AHAAZABGADeAIQAc4BIgIGA.YAAAAAAAAAAA,,1
maennersache.de,2023-03-15,Men's,Germany,"{'currency': 'EUR', 'amount': 2.99, 'basis': 'monthly'}",['gdpr-stub.js'],,,CPrmeAAPrmeAAAGABCENDDCgAAAAAAAAACQgAAAAAAAA.YAAAAAAAAAAA,CPrmeAAPrmeAAAGABCENDDCgAP_AAAAAACQgIxBFJCpNDWFAMHBdAJAgGYAU1sAQICQAABCAAwAFCAGA8IAA0QECEAQAAAAAAAAAgVIBAABAAABEAACAAAAEAQFkAAQQgAAIIAAAAAEQQgJAAAgAAAAAAAAIAAABAwQAkACQIYKGBEAAhIAQCAAAgIABgACAAAMACEAYAAAAAAIAAIBgAgJEMAAAAAEAAQAAAHBIEoACAAKgAZAA5AB8AIAAaQBEAEUAJgATwA3gBzAD8AIQAQ0AiACJAEsAKUAYcA-wD9AIGARQAjQBKQC5gGKANoAbgA-QChwF5gMGAYaA4IByYDxwIQgRSCABwAZABGAHOAugBkIEDAIXBoAYAhoB9gH4AfIRADAENAPsA_AD5CoAQATAF5jIAQATAF5joEwAFQAMgAcgA-AEAANAAfQBEAEUAJgATwA3gBzAD8AIaARABEgCWAFKAMMAaMA-wD9AIGARQAiwBKQC5gF6AMUAbQA3ACLwEyAKHAXmAwYBhoDLAHJgPHAikOAGAAIAAuADIAIwAUABCADnAMCAhABdADIQGmkIBgAGQAmABvAFKAPsAigBKQC5gGKANoA8cCFBAAGAAgAc4C6CUBIABAAGQAOAAfACIAEwAQ0AiACJAFLAPsA_AC5gGKANwAfIBF4C8wGWAQhJABQALgBvAEIAL4A9BSA-ABUADMAHwAgABpAEQARQAmABPACkAHMAPwAhoBEAESAKUAaMA-wD9AIsASkAuYBigDaAG4AReAocBeYDDQGWAOCAcmA8cCEIEUigAkAC4AHAAZABGADeAIQAc4BIgIGA.YAAAAAAAAAAA,,1
bravo.de,2023-03-15,Pop Magazine,Germany,"{'currency': 'EUR', 'amount': 2.99, 'basis': 'monthly'}",,,,CPrmeAAPrmeAAAGABCENDDCgAAAAAAAAACQgAAAAAAAA.YAAAAAAAAAAA,CPrmeAAPrmeAAAGABCENDDCgAP_AAAAAACQgIxBFJCpNDWFAMHBdAJAgGYAU1sAQICQAABCAAwAFCAGA8IAA0QECEAQAAAAAAAAAgVIBAABAAABEAACAAAAEAQFkAAQQgAAIIAAAAAEQQgJAAAgAAAAAAAAIAAABAwQAkACQIYKGBEAAhIAQCAAAgIABgACAAAMACEAYAAAAAAIAAIBgAgJEMAAAAAEAAQAAAHBIEoACAAKgAZAA5AB8AIAAaQBEAEUAJgATwA3gBzAD8AIQAQ0AiACJAEsAKUAYcA-wD9AIGARQAjQBKQC5gGKANoAbgA-QChwF5gMGAYaA4IByYDxwIQgRSCABwAZABGAHOAugBkIEDAIXBoAYAhoB9gH4AfIRADAENAPsA_AD5CoAQATAF5jIAQATAF5joEwAFQAMgAcgA-AEAANAAfQBEAEUAJgATwA3gBzAD8AIaARABEgCWAFKAMMAaMA-wD9AIGARQAiwBKQC5gF6AMUAbQA3ACLwEyAKHAXmAwYBhoDLAHJgPHAikOAGAAIAAuADIAIwAUABCADnAMCAhABdADIQGmkIBgAGQAmABvAFKAPsAigBKQC5gGKANoA8cCFBAAGAAgAc4C6CUBIABAAGQAOAAfACIAEwAQ0AiACJAFLAPsA_AC5gGKANwAfIBF4C8wGWAQhJABQALgBvAEIAL4A9BSA-ABUADMAHwAgABpAEQARQAmABPACkAHMAPwAhoBEAESAKUAaMA-wD9AIsASkAuYBigDaAG4AReAocBeYDDQGWAOCAcmA8cCEIEUigAkAC4AHAAZABGADeAIQAc4BIgIGA.YAAAAAAAAAAA,,1
liebenswert-magazin.de,2023-03-15,Health Magazine,Germany,"{'currency': 'EUR', 'amount': 2.99, 'basis': 'monthly'}",,,,CPrmeAAPrmeAAAGABCENDDCgAAAAAAAAACQgAAAAAAAA.YAAAAAAAAAAA,CPrmeAAPrmeAAAGABCENDDCgAP_AAAAAACQgIxBFJCpNDWFAMHBdAJAgGYAU1sAQICQAABCAAwAFCAGA8IAA0QECEAQAAAAAAAAAgVIBAABAAABEAACAAAAEAQFkAAQQgAAIIAAAAAEQQgJAAAgAAAAAAAAIAAABAwQAkACQIYKGBEAAhIAQCAAAgIABgACAAAMACEAYAAAAAAIAAIBgAgJEMAAAAAEAAQAAAHBIEoACAAKgAZAA5AB8AIAAaQBEAEUAJgATwA3gBzAD8AIQAQ0AiACJAEsAKUAYcA-wD9AIGARQAjQBKQC5gGKANoAbgA-QChwF5gMGAYaA4IByYDxwIQgRSCABwAZABGAHOAugBkIEDAIXBoAYAhoB9gH4AfIRADAENAPsA_AD5CoAQATAF5jIAQATAF5joEwAFQAMgAcgA-AEAANAAfQBEAEUAJgATwA3gBzAD8AIaARABEgCWAFKAMMAaMA-wD9AIGARQAiwBKQC5gF6AMUAbQA3ACLwEyAKHAXmAwYBhoDLAHJgPHAikOAGAAIAAuADIAIwAUABCADnAMCAhABdADIQGmkIBgAGQAmABvAFKAPsAigBKQC5gGKANoA8cCFBAAGAAgAc4C6CUBIABAAGQAOAAfACIAEwAQ0AiACJAFLAPsA_AC5gGKANwAfIBF4C8wGWAQhJABQALgBvAEIAL4A9BSA-ABUADMAHwAgABpAEQARQAmABPACkAHMAPwAhoBEAESAKUAaMA-wD9AIsASkAuYBigDaAG4AReAocBeYDDQGWAOCAcmA8cCEIEUigAkAC4AHAAZABGADeAIQAc4BIgIGA.YAAAAAAAAAAA,,1
express.de,2023-03-15,Newspaper,Germany,"{'currency': 'EUR', 'amount': 4.99, 'basis': 'monthly'}",,,,CPrmeAAPrmeAAAGABCENDDCgAAAAAAAAACQgAAAAAAAA.YAAAAAAAAAAA,CPrmeAAPrmeAAAGABCENDDCgAP_AAAAAACQgIzBVZD7dTWlAMXZ9CNtkGYAX1sARIOQCCBCAAyAFAAGA8IQC0SACMESABAACAQAAoRIBAAAEEABUAECgQIAEARFkAgQAhAAIIABEAAEQQgAQAAoIAAAAAAAIAAABAgSAkBiQYcLGREAghIAQCgAQwIABgIAAAAMACEAYABAAAAIAAIBAAgIEEAABAAECABAAAAiEgWgAIAAqABkADkAHgAgABkADSAIgAigBMACeAG8AOYAfgBCACGgEQARIAlgBNAClAFuAMOAfYB-gEDAIoARoAlIBcwDFAG0ANwAcQA-QCRAE7AKHAXmAwYBhoDJAGsgOCAeOBCECFwEUggAYADYAJACaALoAZCBAwNAGAC4AIaAfYB-AHyASIAnYMABAOoIgCgCGgH2AfgB8gEiAJ2EAAQASCoAYATAAuALzGQAgAmALzGAAQCxDoGgAFQAMgAcgA-AEAAMgAaAA-gCIAIoATAAngBcADEAG8AOYAfgBDQCIAIkASwAmgBRgClAFiALcAYYA0YB9gH6AQMAigBFgCOgEpALEAXMAxQBtADcAHEAOoAfYBF4CRAEyAJ2AUOAvMBgwDDQGSAMsAcWA8cCKQ4AiAAgAC4AJAAoABkADQAQgAiIBNAC9AGBAPkAhABdADIQGmgNsIQEQAMgBMAC4AGIAN4ApQBYgD7AIoASkAuYBigDaAHUASIA8cCFBAAMAAgANABYgDtgLoAbYSgMgAIAAyABwAD4ARAAmABcADEAIaARABEgCjAFKALeAfYB-AFzAMUAbgA6gB8gD7AIvASIAvMBlgEISQAMAC4AZADtlIFQAFQAMgAcgA-AEAAMgAaQBEAEUAJgATwApABiADmAH4AQ0AiACJAFGAKUAWIAtwBowD7AP0AiwBHQCUgFzAMUAbQA3AB9gEXgJEATsAocBeYDDQGSAMsAayA4IB44EIQIpFAA4AFwASABkALEAXUA7YEDA.YAAAAAAAAAAA,,1
swp.de,2023-03-14,Newspaper,Germany,"{'currency': 'EUR', 'amount': 2.48, 'basis': 'weekly'}",,,,CPrmeAAPrmeAAAGABCENDDCgAAAAAEPAACQgAAARCgDAC3AIoAXMBeYDTQIhACBIAQAtwCKBQAIEQhUAEBeYyACAvMAA.YAAAAAAAAAAA,CPrmeAAPrmeAAAGABCENDDCgAP_AAEPAACQgIxJFpCpdTWlAMXp9QJskGYAW1sAQIOQCCBCAAyAFAAGA8IQA0WEAMEQAAAACAQAAoRIBAAAAAAFUAECAQAAEAQFkAAQAhAAIIABAAAEQQgIAAAgAAAAAAAAIgAABAwSAkAiQI4KGBEAAlIAQCgAAgAABAACAAAMADEAYABAAAAIAgYBAAgJEMAABAAEAAQRCgDAC3AIoAXMBeYDTQIhAKAgAIDcwkCsABAACwAKgAZAA5AB4AIAAZAA0gCIAIoATAAngBvADmAH4AQgAhoBEAESAJYAUoAtwBhwD7AP0AgYBFACNAEcAJoAYoA2gBuADiAHyASIAocBgwDDQGfANZAcEA5MB44EIQIpBQAIEQggAYAEgC6AGQgNzAgYBC4NAFAENAPsA_AD5AJEAZ8GABAHUAPQIgDACGgH2AfgBNAD5AJEAZ8IABAAkAPQKgCABMAI4AvMBnwoACAegZAEACYARwBeYDPhgAIAsQB6B0CwABYAFQAMgAcgA-AEAAMgAaAA-gCIAIoATAAngBiADeAHMAPwAhoBEAESAJYAUYApQBYgDDAGjAPsA_QCBgEWgI4AjoBYgDFAG0ANwAcQA6gCLwEiAJkAUOAwYBhoDLAGfAOTAeOBFIcAPAAQABcAEgAUAA0ACEAIQAXoAwIB8gEIALiAXQAyEBuZCAgAAsADIATAAxABvAFKALEAfYBHADFAG0AOoAkQBnwDxwIUEAAoACAA0AFiAXQA3MlAXAAQAAsADIAHAAPgBEACYAGIAQ0AiACJAFGAKWAfYB-AEcAMUAbgA6gB8gEXgJEAZYAz4CEJIAGABcAQgB6CkCYABYAFQAMgAcgA-AEAAMgAaQBEAEUAJgATwApABiADmAH4AQ0AiACJAFGAKUAWIA0YB9gH6ARaAjgCOgGKANoAbgBF4CRAFDgMNAZYAz4BrIDggHJgPHAhCBFIoAIAAuACQAQgBIgCxAF1AbmBAwAAA.YAAAAAAAAAAA,,1
gamestar.de,2023-03-15,Newspaper,Germany,"{'currency': '', 'amount': '', 'basis': ''}",,,,,,,1
rheinpfalz.de,2023-03-20,Sports Magazine,Germany,"{'currency': 'EUR', 'amount': 1.5, 'basis': 'monthly'}",,,,CPrmeAAPrmeAAAGABCENDDCgAAAAAG_AACQgAAAMjAIMAAQAAAEEAAAAEAIAAAQhiQAAAAAFAIBQAAAECgAGRgEEAAAAKAQAQgAAhBAQAQCAAAAAJAAABACgQAAACAQAAgAAAIAAEAAAKACQEAAAAAJAAACAAECAggAAAhCAgIgCCAFASCABwAfgE0AKWAWcBeQDAgGRhIBAACABEgDLgH-AgABigDWAJlAYMFABACKAGEGAAgLoDQBABlgEAANYAioQABAXQIgCADLAIAAawBkY6AMAWIAxQB1AD7ALtAZGPAAgCKFQAwBHADLAZGMgBgCOAGWAyMgABAGaQgDACOAMUAdQBZQC7QGRkQAICYiQAEAZpKASAAgAD4AiQBhAGKAOoAioBdoDIygAIAP4BBykAMA-wC7QGRgA.YAAAAAAAAAAA,CPrmeAAPrmeAAAGABCENDDCgAP_AAG_AACQgIstd_H9fbW9j-f594ft0eY1f9_qzpuQzDgeFk-4FyJ_W_JwX12EyNF34pqYKmR4EulLBAQNlHEHUDUgAQIkVqTHsYk2MhSNKJ6BEkFMZO2dYGFpPmwFD-QKY504_93f5mD-9_9v-zsBAQIAAAgAAgAAAAAABAAMABAAIABgAAAAAgQAAAAAAAIABAAACBkYBBgACAAAAggAAAAgBAAACEMSAAAAAAoBAKAAAAgUAAyMAggAAABQCACEAAEIICACAQAAAABIAAAIAUCAAAAQCAAEAAABAAAgAABQASAgAAAABIAAAQAAgQEEAAAEIQEBEAQQAoCYSB8AAgABcAFAAVAAyABwADwAIAAYQA0ADUAHkAQwBFACYAE8AKoAbwA5gB6AD8AIaARABEgCWAE0AKUAYYAyABlgDZAHeAPYAfEA-wD9gH-AgABFACMAEcAJMASkAq4BcwDFAGsANoAbgA4gB8gEiAJlATsAocBSICmgFigLYAXIAu8BeYDBgGGgMkAZOA1kB44UAEAIoAYQQAaACQAGQAPwCNAE0AKWAWcA0QCmwFuALyAYEAyMNAUAC4AIYAZAAywBswD7APwAgABGACTAFXgLQAtIBrAD5AIqASIAnYBSIC5AGTgM8DAAgFNgLoEQEQBDADIAGWANmAfYB-AEAAIwASYAq4BrAD5AJEATsApEBcgDIwGTiAAQAJAF0DoI4AC4AKAAqABkADgAIIAYABjADQANQAeAA-gCGAIoATAAngBVAC4AGIAMwAbwA5gB6AD8AIYARAAlgBNACjAFKALEAYYAyABlADRAGyAO8Ae0A-wD9AIoARYAjEBHAEdAJMASkAq4BYoC0ALSAXMAvIBigDaAG4AOIAdQA-wCLwEiAJ2AUOApoBVgCxQFsALgAXIAu0Bd4C8wGGgMegZGBkgDJwGWAPHHgAQBFDgBAAFwASAAyACgARkBMgCmwFuCoBwAFAAhgBMAC4AI4AZYBHACrwFoAWkBbAC5AF5gMjAZ4MgHABDACYAI4AZYBHACrgFbAScAtEBbAC5AF5gMjAZ4QgWAALAAoABkAGIANQAhgBMACmAFUALgAYgAzABvAD0AI4AUoAsQBlADvAH2ARQAjgBKQCrwFoAWkAuYBigDaAHUASIAk4BTQCrAFigLKAWiAtgBcAC5AF2gMjAZOAzwB45EACAmIgACAGaARklAqAAQAAsACgAGQAOAAfgBgAGIAPAAiABMACqAFwAMQAZgBDQCIAIkAUYApQBhADKAGyAO-AfYB-AEcAKvAWgBaQC5gGKANwAdQA-QCKgEXgJEAWKAtgBdoC8wGRgMnAZYAzwkAGAAuAM0AjIBPgDMgLcKQOwAFwAUABUADIAHAAQQAwADGAGgAagA8gCGAIoATAAngBSACqAGIAMwAcwA_ACGAEQAKMAUoAsQBkADKAGiANkAd8A-wD9AIsARiAjgCOgEpAKuAVsAuYBeQDaAG4APsAi8BIgCTgE7AKHAVYAsUBbAC4AFyALtAXmAw2BkYGSAMnAZYAzwBrIDxwIZlABAAFwASAAyAD-AQcAkQCmwFuAAA.YAAAAAAAAAAA,,1
volksstimme.de,2023-03-20,Newspaper,Germany,"{'currency': 'EUR', 'amount': 1.99, 'basis': 'monthly'}",,,,CPrmeAAPrmeAAAGABCENDDCgAAAAAGfAACQgAAAQugMgAIAAuACQANABCACIgEiAJoAWIAuoBegDAgGvAOoAdsBCAC6AGQgNNAbYA4IB24EDAIUAQuAHCAAQCaBIAIACAoAEB246AEAWIA6g8ACA7chABAOoSgBAAIAOoAAA.YAAAAAAAAAAA,CPrmeAAPrmeAAAGABCENDDCoAP_AAGfAACQgIshV5D7dTWlAMXZ9CNp0GYAX1sARIOQCCBCAAyAFAAGA8IQC0SECMESABAACAQAAoRIBAAAEEABUAECgQIAEIRFkAgQAhAAIIABEAAEQQgAQAAoIAAAAAAAIAAABAwSAkBiQYcLGREAghIAQCgAQwIAAgIAAAIMAAEAYABAAAAIAAIBAAgIEEAAAAAECCF0BkABAAFwASABoAIQAREAkQBNACxAF1AL0AYEA14B1ADtgIQAXQAyEBpoDbAHBAO3AgYBCgCFwBoSBYAAgABYAFQAMgAcgA8AEAAMgAaQBEAEUAJgATwA3gBzAD8AIQAQ0AiACJAEsAJoAUoAtwBhwD7AP0AgYBFACNAEpALmAYoA2gBuADiAHyASIAnYBQ4C8wGDAMNAZIA1kB44EIQIpBQAIDtwgAIADYBNA0AYALgAhoB9gH4AfIBIgCdhEAUAQ0A-wD8APkAkQBOwqAGAEwALgC8xkAIAJgC8x0DUABYAFQAMgAcgA-AEAAMgAaAA-gCIAIoATAAngBcADMAG8AOYAfgBDQCIAIkASwAmgBRgClAFiALcAYYA0YB9gH6AQMAigBFgCOgEpALEAXMAxQBtADcAHEAOoAfYBF4CRAEyAJ2AUOAvMBgwDDQGSAMsAcWA8cCKQ8ACA7ccABACgQgIgALAAyAEwALgAZgA3gClAFiAPsAigBKQC5gGKANoAdQBIgDxyUBoABAACwAMgAcAA-AEQAJgAXAAzACGgEQARIAowBSgC3gH2AfgBcwDFAG4AOoAfIA-wCLwEiALzAZYBCEpAqAAWABUADIAHIAPgBAADIAGkARABFACYAE8AKQAZgA5gB-AENAIgAiQBRgClAFiALcAaMA-wD9AIsAR0AlIBcwDFAG0ANwAfYBF4CRAE7AKHAXmAw0BkgDLAGsgPHAhCBFIA.YAAAAAAAAAAA,,1
capital.de,2023-03-20,Newspaper,Germany,"{'currency': 'EUR', 'amount': 4.99, 'basis': 'monthly'}",,,,CPrmeAAPrmeAAAGABCENDDCgAAAAAAAAACQgAAAAAAAA.YAAAAAAAAAAA,CPrmeAAPrmeAAAGABCENDDCgAP_AAAAAACQgI5gBBCoEDGFAIHB5AMMAGYAUAAAQAEACABCAACABAAAAIAAAUAAAIAQAAAACAQAAAAIBAAAEAAAEAAAAAAAEABFAAAAAgAAIIABAAAEAAAAAAAIAAAAAAAAAAAARAAAAmQAAAUKEAEAAAAAAAAAAgAAAAAAEAgMAAAAAAAIAAAAAAgAAAAAAAAIAAAAAAAAAgAAAOCQFAAKgAZABAADIAGkARABFACYAE8AN4AcwA_ACWAGGAP0AigBigDcAJEAXmBDkdAeAAqABkAEAAMgAaQBEAEUAJgATwAuABiADeAHMAPwAlgBYgDDAH6ARQAiwBYgDFAG4APsAi8BIgC8wF9AMsAgCBDkcADAAuAYEA14aAEAFwBIgiACAkQVADACYAFwBeYyAEAEwBeYwACAWIhAJAAyAEwALgAYgA3gCxAIoAYoBIhAACAWIlANAAyAEQAJgAXAAxAGKANwAfYBF4CRAF5gMsAgCSABAAXANeUgLgAVAAyACAAGQANIAiACKAEwAJ4AUgAxABzAD8ALEAfoBFgDFAG4APsAi8BIgC8wF9AMsKAAwALgFiANe.YAAAAAAAAAAA,,1
pcgames.de,2023-03-20,Video,Germany,"{'currency': 'EUR', 'amount': 2.5, 'basis': 'monthly'}",,,,CPrmeAAPrmeAAAGABCENDDCgAAAAAABAACQgAAAEigAgEiAAAAAA.YAAAAAAAAAAA,CPrmeAAPrmeAAAGABCENDDCgAP_AAABAACQgIxBFJCpNDWFAMHBdAJIgGYAU1sAQIGQAABCAAwAFCAGA8IAA0QEAEAQAAAAAAAAAgVABAABAAABEAACAAAAEAQFkAAQQgAAIAAAAAAEQQgBAAAgAAAAAAAAIAAABAwQAkACQIYKGBEAAhIAQCAAAgIABAACAAAMACEAYAAAAAAIAAIBAAgpEMAAAAAEAAQEigAgEiAOCQJAAEAAVAAyAByAD4AQAA0gCIAIoATAAngBvADmAH4AQgAhoBEAESAJYAUoAw4B9gH6AQMAigBGgC5gGKANoAbgA-QChwF5gMGAYaA4IByYDxwIQgRSCABgAZADnAXQAyECBgELg0AMAQ0A-wD8APkIgBgCGgH2AfgB8hUAIAJgC8xkAIAJgC8x0CUACoAGQAOQAfACAAGgAPoAiACKAEwAJ4AbwA5gB-AENAIgAiQBLAClAGGANGAfYB-gEDAIoARYAuYBegDFAG0ANwAi8BMgChwF5gMGAYaAywByYDxwIpDgBIACAALgAyACgAOcBCAC6AGQgNNIQCwAMgBMADeAKUAfYBFAC5gGKANoA8cCFBAAGAAgAc4C6CUBIABAAGQAOAAfACIAEwAQ0AiACJAFLAPsA_AC5gGKANwAfIBF4C8wGWAQhJAAQALlID4AFQAMgAcgA-AEAANIAiACKAEwAJ4AUgA5gB-AENAIgAiQBSgDRgH2AfoBFgC5gGKANoAbgBF4ChwF5gMNAZYA4IByYDxwIQgRSKABAALgAyAHOBAwA.f_gAAAAAAAAA,,1
kino.de,2023-03-20,Newspaper,Germany,"{'currency': 'EUR', 'amount': 1.99, 'basis': 'monthly'}",,,,CPrmeAAPrmeAAAGABCENDDCgAAAAAAAAACQgAAAAAAAA.YAAAAAAAAAAA,CPrmeAAPrmeAAAGABCENDDCgAP_AAAAAACQgIxBFJCpNDWFAMHBdAJIgGYAV1sAQICQAAACAAwAFCAGA8IAA0QEAEAQAAAAAAAAAgVIBAAAAAABEAACAAAAEAQFkAAQQgAAIAAAAAAEQQgBAAAgAAAAAAAAIgAABAwQAkACQIYLGBUAAhIAQCgAAgIgBAACAAAMACEAYAAAAAAIAAIBAAgJEMAAAAAEAAQAAAHBIEwACAAKgAZAA5AB8AIAAZAA0gCIAIoATAAngBvADmAH4AQgAhoBEAESAJYAUoAw4B9gH6AQMAigBGgC5gGKANoAbgA-QChwF5gMGAYaA1kBwQDkwHjgQhAikEACgDnAXQAyECBgELg0AMAQ0A-wD8APkIgBgCGgH2AfgB8hUAIAJgC8xkAIAJgC8x0CYACoAGQAOQAfACAAGQANAAfQBEAEUAJgATwA3gBzAD8AIaARABEgCWAFKAMMAaMA-wD9AIGARQAiwBcwDFAG0ANwAi8BMgChwF5gMGAYaAyoBlgDkwHjgRSHADAAEAAXACgAOcAvQBgQD5AIQAXEAugBkIDTSEAsADIATAA3gClAH2ARQAuYBigDaAPHAhQQABgAIAHOAuglASAAQABkADgAHwAiABMAENAIgAiQBSwD7APwAuYBigDcAHyAReAvMBlgEISQAEAC5SBCABUADIAHIAPgBAADIAGkARABFACYAE8AKQAcwA_ACGgEQARIApQBowD7AP0AiwBcwDFAG0ANwAi8BQ4C8wGGgMsAayA4IByYDxwIQgRSKABAALgDnAJEBAwAA.f_gAAAAAAAAA,,1
gala.de,2023-03-20,Newspaper,Germany,"{'currency': 'EUR', 'amount': 4.99, 'basis': 'monthly'}",,,,CPrmeAAPrmeAAAGABCENDDCgAAAAAAAAACQgAAAAAAAA.YAAAAAAAAAAA,CPrmeAAPrmeAAAGABCENDDCgAP_AAAAAACQgI5gBBCoEDGFAIHB5AMMAGYAUAAAQAEACABCAACABAAAAIAAAUAAAIAQAAAACAQAAAAIBAAAEAAAEAAAAAAAEABFAAAAAgAAIIABAAAEAAAAAAAIAAAAAAAAAAAARAAAAmQAAAUKEAEAAAAAAAAAAgAAAAAAEAgMAAAAAAAIAAAAAAgAAAAAAAAIAAAAAAAAAgAAAOCQFAAKgAZABAADIAGkARABFACYAE8AN4AcwA_ACWAGGAP0AigBigDcAJEAXmBDkdAeAAqABkAEAAMgAaQBEAEUAJgATwAuABiADeAHMAPwAlgBYgDDAH6ARQAiwBYgDFAG4APsAi8BIgC8wF9AMsAgCBDkcADAAuAYEA14aAEAFwBIgiACAkQVADACYAFwBeYyAEAEwBeYwACAWIhAJAAyAEwALgAYgA3gCxAIoAYoBIhAACAWIlANAAyAEQAJgAXAAxAGKANwAfYBF4CRAF5gMsAgCSABAAXANeUgLgAVAAyACAAGQANIAiACKAEwAJ4AUgAxABzAD8ALEAfoBFgDFAG4APsAi8BIgC8wF9AMsKAAwALgFiANe.YAAAAAAAAAAA,,1
wallstreet-online.de,2023-03-20,Stocks,Germany,"{'currency': 'EUR', 'amount': 1.99, 'basis': 'monthly'}",,,,CPrmeAAPrmeAAAGABCENDDCgAAAAAE_AACQgAAAQugLgAfABIAGgAc4BCACIgFtALqAYEA14B0gDtgIQATKAqoBagDdQHBAOWAfuA_0CBgELgAwkAIAD4CZSUAEAD5SACAB8.YAAAAAAAAAAA,CPrmeAAPrmeAAAGABCENDDCsAP_AAE_AACQgJGFZ5GZdTWNh8XZdQMN0eYEVd8BTpmQjDBSBEyAFSAuQ8IQC1WACMATAJAgCkAYAqVIBAAFAHABQAAGQAIEAISHkKkQQgSAIIABEEEEQegBYCBgIEAABMAAYgEhhBgCAkBaUccrsRUAACIAUDQEAgKgAAAAQAgIADEAYABACAAIIIIhEAgJEEEAAAEMCABAAAAACQQugLgAfABIAGgAc4BCACIgFtALqAYEA14B0gDtgIQATKAqoBagDdQHBAOWAfuA_0CBgELgDAkDAABcAFAAVAAyAByADwAQQA0ADUAHkARABFACYAE8AN4AcwA9AB-AEIAIaARABEgCWAE0AKUAW4AwwB3gD2gH2AfoBAwCKAEYAI0ARwAlIBTwC5gGKANoAfIBIgCZQE7AKHAXmAwYBhoDJAGsAPHAhCBFIIABABkGgEgBcAENAPsA_ACMAFPgLQAtIB8gEiAJ2EQBwBDQD7APwAjABTwD5AJEATsKgDAAUACYAFwAjkBaAFpAXmMgCgBMAI4AVsBJwC8x0D0ABcAFAAVAAyABwAEAAMYAaABqADwAH0ARABFACYAE8ALgAYgAzABvADmAHoAPwAhoBEAESAJYATQApQBYgC3AGGAMoAaIA7wB7QD7AP0AgYBFACLAEYgI4AjoBKQCnwFoAWkAuYBegDFAG0AOcAi8BIgCVAEyAJ2AUOAuABeYDBgGGgMkAZUAywBrADxwIpDgAYAMgAoAL2IQHwAFgAUAAyADEAGoATAAuABiADMAG8APQApQBYgDKAHeAPsAigBHACUgFPgLQAtIBcwDFAG0AOcAkQBJwCVAFwAPHAhQSgPgALAAoABkADgAHwAYgA8ACIAEwALgAYgAzACGgEQARIApQBbgDKAHfAPsA_ACOAFPgLQAtIBcwDFAHyAReAkQBeYDLAGsAQhKQLwAFwAUABUADIAHIAPgBAADGAGgAagA8gCIAIoATAAngBSADEAGYAOYAfgBDQCIAIkAUoAsQBbgDKAGiAO-AfYB-gEWAIxARwBHQCUgFbALmAYoA2gCLwEiAJOATsAocBcAC8wGGgMkAZYA1gB44EIQIpFAAIAMg.YAAAAAAAAAAA,,1
auto-motor-und-sport.de,2023-03-20,Sports Magazine,Germany,"{'currency': 'EUR', 'amount': 0.99, 'basis': 'monthly'}",,,,CPrmeAAPrmeAAAGABCENDDCgAAAAAAAAACQgAAAAAAAA.YAAAAAAAAAAA,CPrmeAAPrmeAAAGABCENDDCgAP_AAAAAACQgIxBFJCpNDWFAMHBdAJIgGYAU1sAQICQAABCAAwAFCAGA8IAA0UEAEAQAAAAAAAAAgVABAAAAAABEAACAAAAEAQFkAAQQgAAIAAAAAAEQQgBAAAgAAAAAAAAIAAABAwQAkACQIYKGBEAAhIAQCAAAwIABAACAAAMACEAYAAAAAAIAAIBAAgJEMAAAAAEAAQAAAHBIEwACAAKgAZAA5AB8AIAAaQBEAEUAJgATwA3gBzAD8AIQAQ0AiACJAEsAKUAYcA-wD9AIGARQAjQBHAC5gGKANoAbgA-QChwF5gMGAYaA4IByYDxwIQgQuAikEACgAyAHOAugBkIEDA0AMAQ0A-wD8APkIgBgCGgH2AfgB8hUAMAJgBHAF5jIAYATACOALzHQJgAKgAZAA5AB8AIAAaAA-gCIAIoATAAngBvADmAH4AQ0AiACJAEsAKUAYYA0YB9gH6AQMAigBFgCOAFzAL0AYoA2gBuAEXgJkAUOAvMBgwDDQGWAOTAeOBFIcAKAAQABcAGQAUABzgIQAXQAyEBpoDbCEAwADIATAA3gClAH2ARQAjgBcwDFAG0AeOBCggAEAAQAOcBdADbCUBMABAAGQAOAAfACIAEwAQ0AiACJAFLAPsA_ACOAFzAMUAbgA-QCLwF5gMsAhCSAAgAXKQIAAKgAZAA5AB8AIAAaQBEAEUAJgATwApABzAD8AIaARABEgClAGjAPsA_QCLAEcALmAYoA2gBuAEXgKHAXmAw0BlgDggHJgPHAhCBFIoAFAAuADIAc4BIgIGAA.YAAAAAAAAAAA,,1
computerbase.de,2023-03-20,Sports Magazine,Germany,"{'currency': 'EUR', 'amount': 4.0, 'basis': 'monthly'}",,,,,CPrmMbAPrmMbAAcABBENCdCsAP_AAAAAAAYgIzNf_X_9b2vj-_5___s0eYxf9_y__-wxjhadF-8NzfPXfD8X-2M4vF3opi4CORgEO3LBIQdlHOGcDUmQ4okRrzPsbk2cD7JKJpLEmkMbWwdIGFdrHlfz-YCYT0v_0_rT_36_2-_-v-f9ronfe8QAAAAABIAgAgIBCBl0_v7OnZlCmY8gMhIQAEAAAAAAABAAAAkEAWgAGgAcAB4AFwANgAkABaAD8AIwASQAoABbAD-AIsATgAvgBlADUAG0AOcAdQA-QCDgE_AKGAWcAwgB1QEPgIvATYApsBUICrwFxALlAXUAvIBh4DIQGTANGAaUA8AB5IENAkDcABAAC4AKAAqABkADkAHgAgABlADQANQAeQBDAEUAJgAT4AqgCsAFgAN4AcwA_ACEgEMARIAjoBLAEuAJoAUoAtwBhgDIAGzAPYA-IB-AH7AP8BAACKAEXgI0AjgBTwDFAGiANYAbgA4gB8gEQgJEATEApEBbAC5AF5gMGAYSAyMBk4DWQHEAOVAhCGALAAGAAWAA4AC4ARgAkgBPACoAFsAN4AiwBSQDUANUAloBsgDqAIvATYApsBYgC4gGHhoCgAVgAuACGAGQANkAdgA_ACAAEFAKeAawA6oB8gEiAKRAXIAwkBjADIwGTiACgABgAFgAOAAuACQAGoARgAkgBPAC2AG8ARYApABqAD5AJaAi8BNgC4gGHiICIAVgBDADIAGyAOwAfgBAACngGsAOqAfIBIgCkQFyAMJAZGAycVANAAoAEMAJgAXABHADsAI4AkEBMQC2AFyALzAZGKAFgCZAFIAMqAagBqgDaAIKAS0A6oCbAFiAMPGADQAagCZAFIAMoAagA2gCWgFiAOqAmwBYgC8gGHjIBgAQwAmACOAHYARwBJwCYgFogLYAXIAvMBkY4CWAAYABEADgAPAAuACQAFoAOQAfgBGACgAFsAL4AaAA_gCEAEcAJwAUkAsgCzAF9ANQA1QBtQDnAOoAdgA7gB8gEAAILAQcBCACIgEtAJsAT8AqABWQCzgFtgMAAwIBhADMgGsANeAccA6QB1QDyAHyAQhAh8CIAERAJiATYApgBTYCoYFSgVMAqoBV4CuwFqALiAXLAukC6gF7AMPAZCAyYBl4DRgGlANNAeAA8kB9oENB0EsABcAFAAVAAyAByAD4AQQAxADKAGgAagA8AB9AEMARQAmABPgCqAKwAWIAuAC6AGIAMwAbwA5gB-gEMARMAlgCYAE0AKMAUoAtwBhwDIAMoAaIA2QBvgD2gH4AfoA_wCKQEWAReAjgCOgFPALEAXWAvIC9AGKANwAcQA50B0wHUARCAi8BIICRAEqAJkAVYAsoBbAC5AF5gL6AYMAwkBjADHgGRgMnAZUAywBmYDSwGqgOIAcWA5UB6oD6wIPEAEIACAAvgBoAD-AKQAWQAvoBqAGqANoAc4A7ACCgFDAKyAWIAwABhADMgHVAO2Ah8BMQCbAFSgLaAXKAvIBewDDwGJANKAeSA9EhAmAAWABQADIAMQAagBDACYAFMAKoAXAAxABmADeAI4AUoAygBvgD_AIoARwAp4BigDnAHUARCAkEBIgCTgEqALKAWiAtgBcgDIwGTgNLAaqA4gkAgAAMAA4AC4AOQAqABtADeAIQAUgAsoBcgF8ANQAbQA7gCAAEHAISAS0AqABWQDMgGvAOqAdsA-wCbAFUgLlAXsAw8BpQENCUCYABAACwAKAAZAA4AB8AGIAPAAiABMACqAFwAMQAZoBDAESAI4AUYApQBbgDKAGyAPwAjgBJwCngF1AMUAbgA6gB8gEXgJEAWUAtgBeYDIwGTgMsKAPgADAAXABIAC0AHIAPwAjABUACsAF8ANoAbwA_gCEAEcAJkATgApABZQC5AL4AagA1wBtADnAHUAO4AfIBAACDgEJAIqASIAk4BLQCbAE_AKGAVkAsQBdQDAAGEANeAdUA7YB5AD_gIhATEAmwBTACm4FSgVMArsBcoC8gGHgMmAaUA1IBxAENCkC0ABcAFAAVAAyAByAD4AQQAxADKAGgAagA8gCGAIoATAAngBSACqAFgAMQAZgA5gB-gEMARIAowBSgC3AGUANEAbMA_AD9AItARwBHQC8gGKANwAi8BIgCTgFsALkAXmAvoBjADIwGTgMsAayA8UCEIAAA.f_gAAAAAAAAA,,1
brigitte.de,2023-03-20,Beauty,Germany,"{'currency': 'EUR', 'amount': 4.99, 'basis': 'monthly'}",,,,CPrmeAAPrmeAAAGABCENDDCgAAAAAAAAACQgAAAAAAAA.YAAAAAAAAAAA,CPrmeAAPrmeAAAGABCENDDCgAP_AAAAAACQgI5gBBCoEDGFAIHB5AMMAGYAUAAAQAEACABCAACABAAAAIAAAUAAAIAQAAAACAQAAAAIBAAAEAAAEAAAAAAAEABFAAAAAgAAIIABAAAEAAAAAAAIAAAAAAAAAAAARAAAAmQAAAUKEAEAAAAAAAAAAgAAAAAAEAgMAAAAAAAIAAAAAAgAAAAAAAAIAAAAAAAAAgAAAOCQFAAKgAZABAADIAGkARABFACYAE8AN4AcwA_ACWAGGAP0AigBigDcAJEAXmBDkdAeAAqABkAEAAMgAaQBEAEUAJgATwAuABiADeAHMAPwAlgBYgDDAH6ARQAiwBYgDFAG4APsAi8BIgC8wF9AMsAgCBDkcADAAuAYEA14aAEAFwBIgiACAkQVADACYAFwBeYyAEAEwBeYwACAWIhAJAAyAEwALgAYgA3gCxAIoAYoBIhAACAWIlANAAyAEQAJgAXAAxAGKANwAfYBF4CRAF5gMsAgCSABAAXANeUgLgAVAAyACAAGQANIAiACKAEwAJ4AUgAxABzAD8ALEAfoBFgDFAG4APsAi8BIgC8wF9AMsKAAwALgFiANe.YAAAAAAAAAAA,,1
geo.de,2023-03-20,Beauty,Germany,"{'currency': 'EUR', 'amount': 4.99, 'basis': 'monthly'}",,,,CPrmeAAPrmeAAAGABCENDDCgAAAAAAAAACQgAAAAAAAA.YAAAAAAAAAAA,CPrmeAAPrmeAAAGABCENDDCgAP_AAAAAACQgI5gBBCoEDGFAIHB5AMMAGYAUAAAQAEACABCAACABAAAAIAAAUAAAIAQAAAACAQAAAAIBAAAEAAAEAAAAAAAEABFAAAAAgAAIIABAAAEAAAAAAAIAAAAAAAAAAAARAAAAmQAAAUKEAEAAAAAAAAAAgAAAAAAEAgMAAAAAAAIAAAAAAgAAAAAAAAIAAAAAAAAAgAAAOCQFAAKgAZABAADIAGkARABFACYAE8AN4AcwA_ACWAGGAP0AigBigDcAJEAXmBDkdAeAAqABkAEAAMgAaQBEAEUAJgATwAuABiADeAHMAPwAlgBYgDDAH6ARQAiwBYgDFAG4APsAi8BIgC8wF9AMsAgCBDkcADAAuAYEA14aAEAFwBIgiACAkQVADACYAFwBeYyAEAEwBeYwACAWIhAJAAyAEwALgAYgA3gCxAIoAYoBIhAACAWIlANAAyAEQAJgAXAAxAGKANwAfYBF4CRAF5gMsAgCSABAAXANeUgLgAVAAyACAAGQANIAiACKAEwAJ4AUgAxABzAD8ALEAfoBFgDFAG4APsAi8BIgC8wF9AMsKAAwALgFiANe.YAAAAAAAAAAA,,1
nordbayern.de,2023-03-20,Newspaper,Germany,"{'currency': 'EUR', 'amount': 2.9, 'basis': 'monthly'}",,,,CPrmMbAPrmMbAAfbfBDEDDCgAAAAAAAAAAigAAAO2gCAA4AYIA7EB2wBQKAMAAcAI4AnAFtAMZAjmEgDAAHACOAJwBbQDGQI5hoAwABwAjgCcAW0AxkCOYiAMAAcAI4AnAFtAMZAjmKgDAAHACOAJwBbQDGQI5jIAwABwAjgCcAW0AxkCOY6AMAAcAI4AnAFtAMZAjmQgDAAHACOAJwBbQDGQI5koAwABwAjgCcAW0AxkCOZSAMAAcAI4AnAFtAMZAjm,CPrmMbAPrmMbAAfbfBDEDDCsAP_AAH_AAAigI5tb_T9dLGFHeX5_dvtkeYUX19S_4-QCChaAM-AFwFOQ8LwG02IStEzghCgCERoAoTbBIAJEDElEQECQ4IhFATHkIgyEhIAKICJEgBMRQ0JYAAsKAIAAEACIhEAROwSAmmjQY_7rTnAklIAwTggBgIgBAKADAhMCWEEYQAACAAIAAIBAAgBEEAAAAAEAAAAIgjm1v9P10sYUd5fn92-2R5hRfX1L_j5AIKFoAz4AXAU5DwvAbTYhK0TOCEKAIRGgChNsEgAkQMSURAQJDgiEUBMeQiDISEgAogIkSAExFDQlgACwoAgAAQAIiEQBE7BICaaNBj_utOcCSUgDBOCAGAiAEAoAMCEwJYQRhAAAIAAgAAgEACAEQQAAAAAQAAAAiAUCgDAAHACOAJwBbQDGQI5hIAwABwAjgCcAW0AxkCOYaAMAAcAI4AnAFtAMZAjmIgDAAHACOAJwBbQDGQI5ioAwABwAjgCcAW0AxkCOYyAMAAcAI4AnAFtAMZAjmOgDAAHACOAJwBbQDGQI5kIAwABwAjgCcAW0AxkCOZKAMAAcAI4AnAFtAMZAjmUgDAAHACOAJwBbQDGQI5g,,1
bz-berlin.de,2023-03-20,Newspaper,Germany,"{'currency': 'EUR', 'amount': 3.99, 'basis': 'monthly'}",,,,CPrmeAAPrmeAAFZABCENDDCgAAAAAAAAACQgAAAAAAAA.YAAAAAAAAAAA,CPrmeAAPrmeAAFZABCENDDCgAP_AAAAAACQgIcpZ_D7VbGFC-f59aPsgOYxXVMCWAuQCCACAA2ABgAKQcDwCkmAaNESgBgACAQAAoRJBIAIEDAEECUAAYAAEAAGgAAAEhAAIIABAgBEAAAIYAAoCAAAAAACIgAAREAAAmRgYA8LmGEAAxAAQIAAQgAABAAAAAgMAAAAAAAIAAAAAAAgAAAAAAAIAAAEQkCoABYAFQAMgAcAA8ACAAGQANAAeQBDAEUAJgATwAqgBvADmAH4AQgAhgBEACWAFKALcAYYA9oB-AH6ARwAkwBKQCaAFzAMUAbgA4gCRAE7AKHAUiAvMBgwDJwHBAQ5CACoAHAAeABsAEgAPwCDgHVASsApsBkIDaA0AsALgAhgB-AEFAJMAdUBIgCdgFIgMnAZ4GABAHUAU2IgEgCGAH4ASYAmgB1QEiAJ2AUiAycVAGACGAEwALgBHAF5gM8FAAgCCgHVGQBQAhgBMAI4AvMBngwAEAWIA6o6BmAAsACoAGQAOAAgABkADQAHgAPoAhgCKAEwAJ4AVYAuAC6AGIAN4AcwA_ACGAEQAJYAUYApQBYgC3AGGANEAe0A_AD9AItARwBHQCTAEpALEAXMAvQBigDcAHEAOoAi8BIgCdgFDgLzAX0AwYBk4DLAGqgQ5HAFIAHAAeABcAEgAOQAfgBQAGaAQWAg4CEAERAMCAa8A6QB1QErAKbAV2AyEBkwDaCEBMABYAGQAhgBMACqAFwAMQAbwBSgCxAI4ASkAuYBigDqAJEAZOAzwBqpAAIAM0AgoBYgDqkoDQACwAMgAcAB4AEQAJgAVQAuABiAEMAIgAUYApQBbgD8AI4AXMAxQBuADqAIvASIAvMBk4DLAGeEgA4AFwAcgDNAIOAa8A6oCVikCgABYAFQAMgAcABAADIAGgAPIAhgCKAEwAJ4AUgAqgBiADmAH4AQwAiABRgClAFiALcAaMA_AD9AItARwBHQCUgFzAMUAbgBF4CRAE7AKHAXmAvoBk4DLAGeAOCKADQALgAkAByAD8AZoBBwCxAF1ANeAdUBTYCuwGTAA.YAAAAAAAAAAA,,1
autobild.de,2023-03-20,Newspaper,Germany,"{'currency': 'EUR', 'amount': 3.99, 'basis': 'monthly'}",,,,CPrmeAAPrmeAAFZABCENDDCgAAAAAAAAACQgAAAAAAAA.YAAAAAAAAAAA,CPrmeAAPrmeAAFZABCENDDCgAP_AAAAAACQgIcpZ_D7VbGFC-f59aPsgOYxXVMCSAuQCCACAA2ABgAKQcDwCkmAaNESgBgACGQAAoRJBIAIEDAEECUAAYAAEAAGgAAAEhAAIIABAgBEAAAIYAAoCAAAAAACIgAAREAAAmRgYA8LmGEBAxAAQIAAQgAABAAAAAgMAAAAAAAIAAAAAAAgAAAAAAAIAAAEgkCoABYAFQAMgAcAA8ACAAGQANAAeQBDAEUAJgATwAqgBvADmAH4AQgAhgBEACWAFKALcAYYA9oB-AH6ARwAkwBKQCaAFzAMUAbgA4gCRAE7AKHAUiAvMBgwDJwHBAQ5CACoAHAAeABsAEgAPwCDgHVASsApsBkIDaA0AsALgAhgB-AEFAJMAdUBIgCdgFIgMnAZ4GABAHUAU2IgEgCGAH4ASYAmgB1QEiAJ2AUiAycQABABIKgDABDACYAFwAjgC8wGeCgAQBBQDqjIAoAQwAmAEcAXmAzwYACALEAdUdAzAAWABUADIAHAAQAAyABoADwAH0AQwBFACYAE8AKsAXABdADEAG8AOYAfgBDACIAEsAKMAUoAsQBbgDDAGiAPaAfgB-gEWgI4AjoBJgCUgFiALmAXoAxQBuADiAHUAReAkQBOwChwF5gL6AYMAycBlgDVQIcjgCkADgAPAAuACQAHIAPwAoADNAILAQcBCACIgGBANeAdIA6oCVgFNgK7AZCAyYBtBCAmAAsADIAQwAmABVAC4AGIAN4ApQBYgEcAJSAXMAxQB1AEiAMnAZ4A1UgAEAGaAQUAsQB1SUBoABYAGQAOAA8ACIAEwAKoAXAAxACGAEQAKMAUoAtwB-AEcALmAYoA3AB1AEXgJEAXmAycBlgDPCQAcAC4AOQBmgEHANeAdUBKxSBQAAsACoAGQAOAAgABkADQAHkAQwBFACYAE8AKQAVQAxABzAD8AIYARAAowBSgCxAFuANGAfgB-gEWgI4AjoBKQC5gGKANwAi8BIgCdgFDgLzAX0AycBlgDPAHBFABoAFwASAA5AB-AM0Ag4BYgC6gGvAOqApsBXYDJgAAA.YAAAAAAAAAAA,,1
t3n.de,2023-03-20,Newspaper,Germany,"{'currency': 'EUR', 'amount': 4.9, 'basis': 'monthly'}",,,,CPrmeAAPrmeAAAGABCENDDCgAAAAAAAAACQgAAAAAAAA.YAAAAAAAAAAA,CPrmeAAPrmeAAAGABCENDDCgAP_AAENAACQgIXBVpCvdTWFAcXJZQNtwGYUU1tATImQiCBSBAyAFCBGQ8IQAmQAIMAQAAAgAAAYAoVIBAAAAAEFEAACAAAAEAQFkAAQAgAAIIABEEBEQQgAAEAwAAAAAEAAYAAARAwQAkACYI8PEBUBAjIgQjiEAiIghgIABAgNACEAYAAAAAAIAAABAAgAAEA54AIA5wEwkC8ABAACwAKgAZAA5AB4AIAAZAA0AB5AEQARQAmABPADeAHMAPQAfgBCACGgEQARIAjgBLACaAFKALcAYYA9oB9gH6AQMAi4BGgCngFzAMUAawA2gBuAD5AJEAUOAvMBgwDDYGsAayA28BwQDxwIXBABIAGwASAFiASsAugBkgDRwGpgQMDQCAAuACGgH2AfgBT4C0ALSAawA-QCRAwAIBkgDRxEAYAQ0A-wD8AKeAawA-QCRBAAMAsQDJAGjioAoATAAuACOgLQAtIC8xQAIBt4DrBkAQAJgAjgEnALzGAAwCxANvAdYCABAFiAZIOgagALAAqABkADkAHwAgABkADQAHgAPoAiACKAEwAJ4AXAAxABmADeAHMAPQAfgBDQCIAIkASwAmgBSgCxAFuAMMAZQA0QB7QD7AP0AgcBFgEXAKfAWgBaQC5gF6AMUAbQA3ACLwEiAJkAUOAvMBgwDDQGVAMsAawA28BxYDxxwBMABAAFwASACOAHcAQgAsQBgQDWAHSAQgAlYBdAC-gGSANHAaaA1MB1hCAqAAsADIATAAuABiADMAG8APQAjgBSgCxAGUAPsAp8BaAFpALmAYoA2gCRAEnAPHIABAAEAFiAXQA1MlAeAAQAAsADIAHAAPgA8ACIAEwALgAYgAzACGgEQARIAjgBSgC3AGVAPsA_ACnwFoAWkAuYBigDcAHyAReAkQBeYDLAGsANvJABAALgDuASsA6wpAoAAWABUADIAHIAPgBAADIAGgAPIAiACKAEwAJ4AUgAxABmADmAH4AQ0AiACJAFKALEAW4AygBowD7AP0AiwBcwDFAG0ANwAi8BIgCTgFDgLzAYaAyyBrAGsgNvAcEA8coAMAAuACQARwA7gCTgFiALqAvoBkgDRwGpgQMAA.YAAAAAAAAAAA,,1
giga.de,2023-03-20,Newspaper,Germany,"{'currency': 'EUR', 'amount': 1.99, 'basis': 'monthly'}",,,,CPrmeAAPrmeAAAGABCENDDCgAAAAAAAAACQgAAAAAAAA.YAAAAAAAAAAA,CPrmeAAPrmeAAAGABCENDDCgAP_AAAAAACQgIxBFJCpNDWFAMHBdAJIgGYAV1sAQICQAAACAAwAFCAGA8IAA0QEAEAQAAAAAAAAAgVIBAAAAAABEAACAAAAEAQFkAAQQgAAIAAAAAAEQQgBAAAgAAAAAAAAIgAABAwQAkACQIYLGBUAAhIAQCgAAgIgBAACAAAMACEAYAAAAAAIAAIBAAgJEMAAAAAEAAQAAAHBIEwACAAKgAZAA5AB8AIAAZAA0gCIAIoATAAngBvADmAH4AQgAhoBEAESAJYAUoAw4B9gH6AQMAigBGgC5gGKANoAbgA-QChwF5gMGAYaA1kBwQDkwHjgQhAikEACgDnAXQAyECBgELg0AMAQ0A-wD8APkIgBgCGgH2AfgB8hUAIAJgC8xkAIAJgC8x0CYACoAGQAOQAfACAAGQANAAfQBEAEUAJgATwA3gBzAD8AIaARABEgCWAFKAMMAaMA-wD9AIGARQAiwBcwDFAG0ANwAi8BMgChwF5gMGAYaAyoBlgDkwHjgRSHADAAEAAXACgAOcAvQBgQD5AIQAXEAugBkIDTSEAsADIATAA3gClAH2ARQAuYBigDaAPHAhQQABgAIAHOAuglASAAQABkADgAHwAiABMAENAIgAiQBSwD7APwAuYBigDcAHyAReAvMBlgEISQAEAC5SBCABUADIAHIAPgBAADIAGkARABFACYAE8AKQAcwA_ACGgEQARIApQBowD7AP0AiwBcwDFAG0ANwAi8BQ4C8wGGgMsAayA4IByYDxwIQgRSKABAALgDnAJEBAwAA.f_gAAAAAAAAA,,1
stiften.dk,2023-03-15,Newspaper,Denmark,"{'currency': '', 'amount': '', 'basis': ''}",['adsm.macro.b74edc44-5c2b-475f-a4b7-d39f784e159b.js'],,,,,,1
fyens.dk,2023-03-15,Newspaper,Denmark,"{'currency': '', 'amount': '', 'basis': ''}",['adsm.macro.b74edc44-5c2b-475f-a4b7-d39f784e159b.js'],,,,,,1
jv.dk,2023-03-15,Newspaper,Denmark,"{'currency': '', 'amount': '', 'basis': ''}",['adsm.macro.b74edc44-5c2b-475f-a4b7-d39f784e159b.js'],,,,,,1
hsfo.dk,2023-03-15,Newspaper,Denmark,"{'currency': '', 'amount': '', 'basis': ''}",['adsm.macro.b74edc44-5c2b-475f-a4b7-d39f784e159b.js'],,,,,,1
amtsavisen.dk,2023-03-15,Newspaper,Denmark,"{'currency': '', 'amount': '', 'basis': ''}",['adsm.macro.b74edc44-5c2b-475f-a4b7-d39f784e159b.js'],,,,,,1
frdb.dk,2023-03-15,Newspaper,Denmark,"{'currency': '', 'amount': '', 'basis': ''}",['adsm.macro.b74edc44-5c2b-475f-a4b7-d39f784e159b.js'],,,,,,1
viborg-folkeblad.dk,2023-03-15,Newspaper,Denmark,"{'currency': '', 'amount': '', 'basis': ''}",['adsm.macro.b74edc44-5c2b-475f-a4b7-d39f784e159b.js'],,,,,,1
dagbladet-holstebro-struer.dk,2023-03-15,Newspaper,Denmark,"{'currency': '', 'amount': '', 'basis': ''}",['adsm.macro.b74edc44-5c2b-475f-a4b7-d39f784e159b.js'],,,,,,1
vafo.dk,2023-03-15,Newspaper,Denmark,"{'currency': '', 'amount': '', 'basis': ''}",['adsm.macro.b74edc44-5c2b-475f-a4b7-d39f784e159b.js'],,,,,,1
gazzetta.it,2023-03-20,Sports Magazine,Italy,"{'currency': 'EUR', 'amount': 9.99, 'basis': 'yearly'}",,,,,,,1
ansa.it,2023-03-20,Sports Magazine,Italy,"{'currency': 'EUR', 'amount': 16.99, 'basis': 'yearly'}",,,,,,,1
